myth_id,myth,truth,explanation,category,difficulty
1,Washing your face more often will clear up acne faster.,"Over-washing can make acne worse, not better.","Washing more than twice a day can strip the skin barrier and trigger extra oil production, which can worsen breakouts.",Acne & Pimples,Easy
2,Popping a pimple makes it heal faster.,Popping usually slows healing and raises the risk of scarring.,"Squeezing a pimple can push bacteria and debris deeper into the skin, increasing inflammation and the chance of a permanent mark.",Acne & Pimples,Easy
3,Toothpaste is a good spot treatment for pimples.,Toothpaste is not designed for skin and can irritate it.,Ingredients like menthol and baking soda in toothpaste can dry out and irritate skin without treating the underlying cause of acne.,Acne & Pimples,Easy
4,Oily skin should skip moisturizer to avoid more breakouts.,Oily and acne-prone skin still benefits from the right moisturizer.,"Skipping moisturizer can make skin overcompensate by producing more oil; a lightweight, non-comedogenic formula helps balance this.",Acne & Pimples,Easy
5,Sunscreen always makes acne worse.,Many sunscreens today are formulated to be non-comedogenic.,"Older, heavier sunscreen formulas could feel greasy, but modern gel or fluid sunscreens are made to sit well on acne-prone skin.",Acne & Pimples,Moderate
6,Only oily skin gets acne.,"Acne can occur on dry, combination, or normal skin as well.","Acne is driven by clogged pores, bacteria, and inflammation, all of which can happen regardless of how oily the skin feels.",Acne & Pimples,Easy
7,Eating chocolate directly causes acne.,There is no strong evidence that chocolate alone causes acne in most people.,"Diet can play a role in some people's acne, but chocolate itself has not been consistently proven as a direct cause.",Acne & Pimples,Moderate
8,Sweating during exercise causes breakouts.,"Sweat itself does not cause acne, but not cleansing after can contribute.","Leaving sweat, oil, and product on the skin for long periods can clog pores, so rinsing off after a workout is generally helpful.",Acne & Pimples,Easy
9,Wearing makeup always worsens acne.,Non-comedogenic makeup can be worn without necessarily worsening acne.,"Makeup labeled non-comedogenic is formulated to avoid clogging pores, though proper removal at the end of the day still matters.",Acne & Pimples,Moderate
10,Acne scars and acne marks are the same thing.,"Acne marks usually fade over time, while true scars involve permanent texture changes.","Post-inflammatory marks are flat discoloration that fades, whereas scars often involve pitting or raised tissue that needs different treatment.",Acne & Pimples,Moderate
11,Hormonal acne only affects teenagers.,Hormonal acne can affect adults well into their 30s and 40s.,"Fluctuating hormones from menstrual cycles, pregnancy, or other factors can trigger acne at almost any adult age.",Acne & Pimples,Easy
12,Blackheads are dirt trapped in the pores.,"Blackheads are oxidized oil and dead skin cells, not dirt.","The dark color comes from the oil and skin debris reacting with air, not from external dirt sitting in the pore.",Acne & Pimples,Moderate
13,Whiteheads will go away faster if you pick at them.,Picking whiteheads tends to prolong healing and can cause scarring.,"Manipulating a whitehead can introduce bacteria and increase inflammation, delaying the skin's natural healing process.",Acne & Pimples,Easy
14,Prescription acne treatments work within a few days.,Most acne treatments take several weeks to show visible improvement.,Topical and oral acne treatments typically need 6 to 8 weeks of consistent use before real changes appear.,Acne & Pimples,Moderate
15,Picking at your skin has no long-term effect if you're careful.,Repeated picking can lead to scarring and prolonged inflammation.,Even careful picking disrupts the skin's healing process and can leave lasting texture or pigmentation changes.,Acne & Pimples,Easy
16,Stress has nothing to do with acne breakouts.,Stress can contribute to acne flare-ups in some people.,"Stress hormones can increase oil production and inflammation, which may worsen existing acne.",Acne & Pimples,Moderate
17,"Adults don't get acne, only teenagers do.","Adult acne is common, especially in women in their 20s to 40s.","Hormonal changes, stress, and certain skincare products can trigger acne well beyond the teenage years.",Acne & Pimples,Easy
18,Acne is contagious and can spread by touching someone with it.,Acne is not an infectious condition and cannot spread by contact.,"Acne results from oil, bacteria, and clogged pores within an individual's own skin, not from person-to-person transmission.",Acne & Pimples,Easy
19,Only natural or organic products can safely treat acne.,Many well-studied acne ingredients are synthetic and effective.,"Ingredients such as salicylic acid and benzoyl peroxide are backed by research, regardless of being labeled natural or not.",Acne & Pimples,Moderate
20,Drinking more water alone will clear up acne.,Hydration supports overall health but does not directly clear acne.,"Acne is influenced by oil production, bacteria, and inflammation, which plain water intake does not directly resolve.",Acne & Pimples,Easy
21,Exfoliating every day helps clear acne faster.,Daily exfoliation can irritate the skin and worsen breakouts.,"Over-exfoliating disrupts the skin barrier, which can increase redness and sensitivity rather than speeding up clearing.",Acne & Pimples,Moderate
22,Rubbing ice on a pimple shrinks it permanently.,Ice may briefly reduce swelling but does not treat the underlying cause.,"Cold temperature can constrict blood vessels temporarily, but the pimple typically returns to its prior state once it warms up.",Acne & Pimples,Easy
23,Sun exposure dries out and clears acne.,Sun exposure does not cure acne and can worsen skin over time.,UV exposure may temporarily mask redness but can also trigger more oil production and post-acne dark marks.,Acne & Pimples,Moderate
24,It's fine to pop a pimple as long as you do it 'correctly'.,There is no truly safe way to pop most pimples at home.,Even careful extraction techniques carry a real risk of pushing infection deeper or damaging surrounding tissue.,Acne & Pimples,Moderate
25,Acne is always caused by poor hygiene.,"Acne is primarily driven by oil, hormones, bacteria, and genetics, not cleanliness.","Even people who cleanse regularly can develop acne, since internal factors play a larger role than surface dirt.",Acne & Pimples,Easy
26,Changing your pillowcase has no effect on acne.,Pillowcases can accumulate oil and bacteria that may contribute to breakouts.,Regularly washing or changing pillowcases can reduce the buildup of oil and bacteria that contacts the face overnight.,Acne & Pimples,Moderate
27,Phone screens are a major cause of facial acne.,"Phone contact can be a minor contributing factor, not a major cause.","Bacteria and oil on a phone screen can irritate skin at contact points, but this is usually a small factor compared to hormones and genetics.",Acne & Pimples,Moderate
28,Tight clothing has nothing to do with body acne.,"Tight, non-breathable clothing can contribute to body acne.","Friction and trapped sweat under tight fabric can clog pores and lead to acne on the back, chest, or shoulders.",Acne & Pimples,Moderate
29,Acne only ever appears on the face.,"Acne can occur on the back, chest, shoulders, and other areas.","Areas with more oil glands, such as the back and chest, are common sites for body acne as well.",Acne & Pimples,Easy
30,Birth control pills always clear up acne.,Birth control affects acne differently depending on the person and formulation.,"Some birth control pills can improve hormonal acne, while others may have little effect or even worsen it initially.",Acne & Pimples,Moderate
31,Only men experience hormonal acne caused by testosterone.,Hormonal acne related to androgens affects people of any sex.,"Androgen hormones, present in everyone to varying degrees, can influence oil production and acne in both men and women.",Acne & Pimples,Moderate
32,Fasting or detox diets clear acne quickly.,There's no solid evidence that fasting clears acne quickly.,"Rapid dietary changes can even stress the body and skin, and acne improvement usually requires consistent, longer-term approaches.",Acne & Pimples,Moderate
33,Any product labeled 'oil-free' guarantees no breakouts.,Oil-free products can still contain pore-clogging ingredients.,"The oil-free label refers to a specific ingredient category, but other emollients or waxes in a formula could still clog pores.",Acne & Pimples,Moderate
34,A spot treatment alone can replace a full skincare routine.,"Spot treatments work best as part of a broader routine, not a substitute.","Consistent cleansing, moisturizing, and sun protection support overall skin health beyond what a spot treatment targets.",Acne & Pimples,Easy
35,Using more acne product than recommended speeds up results.,Overusing acne products often causes irritation rather than faster clearing.,"Excess product can dry out and inflame the skin, which may worsen the appearance of acne temporarily.",Acne & Pimples,Easy
36,Alcohol-based toners shrink pores permanently.,Pore size is largely determined by genetics and cannot be permanently changed by a toner.,"Toners may temporarily tighten the look of skin, but they do not alter the physical structure or size of pores.",Acne & Pimples,Moderate
37,Steaming your face opens pores permanently.,Pores do not have muscles and cannot open or close permanently.,"Heat can loosen debris inside a pore temporarily, but pores return to their structural size once the skin cools.",Acne & Pimples,Moderate
38,Splashing cold water closes pores permanently.,Cold water does not permanently change pore size.,"Similar to heat, cold temperature only creates a brief, temporary visual effect on the skin's surface.",Acne & Pimples,Moderate
39,Strong cleansers permanently stop oil production.,"Oil production is regulated by hormones and glands, not by cleanser strength.","Harsh cleansers may strip oil temporarily, but this often triggers the skin to produce even more oil afterward.",Acne & Pimples,Moderate
40,Salicylic acid is only useful for very oily skin.,Salicylic acid can benefit various skin types when used appropriately.,"This ingredient helps clear pores and reduce inflammation, and lower concentrations can suit sensitive or combination skin too.",Acne & Pimples,Moderate
41,"Benzoyl peroxide only affects fabric, not skin sensitivity.","Benzoyl peroxide can cause skin dryness or irritation, in addition to bleaching fabric.","While it is well known for bleaching towels and pillowcases, it can also dry out or irritate skin if overused.",Acne & Pimples,Easy
42,Acne cream should only be applied to the exact spot.,Many acne treatments work best applied to the whole affected area.,"Since acne can form in pores not yet visible, treating a wider area often helps prevent new breakouts, not just existing ones.",Acne & Pimples,Moderate
43,Popping cystic acne safely relieves pressure.,Cystic acne sits deep in the skin and popping it usually worsens inflammation.,"Cystic breakouts often need medical treatment, since squeezing them can push infection deeper and increase scarring risk.",Acne & Pimples,Moderate
44,Tanning is an effective way to clear acne.,Tanning does not clear acne and can damage skin over time.,UV exposure may temporarily mask redness but contributes to long-term skin damage and does not treat acne's root causes.,Acne & Pimples,Moderate
45,Drinking milk always causes acne in everyone.,The link between milk and acne varies by individual.,"Some studies suggest a possible association for certain people, but it is not a universal cause of acne for everyone.",Acne & Pimples,Moderate
46,Sugar directly causes acne in every person.,Sugar's effect on acne differs between individuals.,"High-glycemic diets may worsen acne for some people, but this is not a guaranteed, universal cause-and-effect relationship.",Acne & Pimples,Moderate
47,Eating greasy food instantly makes skin oilier.,Skin oil production is not immediately changed by a single greasy meal.,Oil production is mainly regulated by hormones and genetics rather than being immediately affected by one meal.,Acne & Pimples,Moderate
48,All acne requires antibiotics to treat.,Many cases of acne can be managed without antibiotics.,"Topical treatments, retinoids, and lifestyle adjustments are often first-line options before antibiotics are considered.",Acne & Pimples,Moderate
49,Natural remedies are always safer than prescribed acne treatments.,Natural does not automatically mean safe or effective for skin.,"Some natural ingredients can irritate or sensitize skin, while many prescription treatments have extensive safety research behind them.",Acne & Pimples,Moderate
50,Retinoid purging lasts forever once it starts.,Retinoid purging is usually temporary and improves within a few weeks.,The initial adjustment period with retinoids typically settles within four to six weeks as skin builds tolerance.,Acne & Pimples,Moderate
51,Using two acne treatments together always works faster.,Combining strong actives can often irritate skin rather than speed up results.,Layering multiple active ingredients without guidance can overwhelm the skin barrier and increase redness or peeling.,Acne & Pimples,Moderate
52,Niacinamide alone can cure acne.,Niacinamide can help support skin but is not a stand-alone acne cure.,"It can reduce redness and support the skin barrier, but is usually most effective alongside targeted acne ingredients.",Acne & Pimples,Moderate
53,Undiluted tea tree oil is a safe substitute for all acne treatments.,Undiluted tea tree oil can irritate or burn the skin.,This essential oil is potent and typically needs to be diluted before use to avoid redness or a chemical burn.,Acne & Pimples,Moderate
54,Acne is purely genetic and nothing can improve it.,"Genetics play a role, but lifestyle and treatment can still meaningfully help.","While genetics influence acne tendency, appropriate skincare and medical treatment can still significantly reduce breakouts.",Acne & Pimples,Easy
55,Popping a blackhead removes its 'root' completely.,"Blackheads don't have a root, and the pore can refill again.","Since blackheads are formed from oxidized oil and skin cells within a pore, the pore can naturally fill again over time.",Acne & Pimples,Moderate
56,Pores can physically open and close like tiny muscles.,Pores don't have muscles and can't open or close on command.,"The appearance of pore size changing is a visual effect from oil, heat, or products, not an actual physical mechanism.",Acne & Pimples,Moderate
57,Wearing foundation always worsens acne.,"Non-comedogenic foundation, applied and removed properly, does not have to worsen acne.",The key factors are the formula and thorough removal at the end of the day rather than foundation use itself.,Acne & Pimples,Moderate
58,A 'non-comedogenic' label guarantees zero breakouts for everyone.,Non-comedogenic reduces risk but does not guarantee no breakouts for every skin type.,"Individual skin reactions vary, so even non-comedogenic products may not suit every person's unique skin chemistry.",Acne & Pimples,Moderate
59,Frequently switching skincare brands clears skin faster.,Frequent switching can irritate skin and interrupt progress.,"Consistency with a routine usually allows active ingredients time to work, while constant switching can trigger irritation.",Acne & Pimples,Easy
60,Drinking more water alone is enough to hydrate skin and prevent acne.,Topical moisturizers are needed in addition to water intake for skin hydration.,"Water supports overall body hydration, but skin hydration also depends on barrier-supporting skincare products.",Acne & Pimples,Moderate
61,Baking soda is a safe acne spot treatment.,Baking soda can disrupt the skin's natural pH and irritate it.,"Its alkaline nature can damage the skin's protective barrier, making acne-prone skin more vulnerable to irritation.",Acne & Pimples,Moderate
62,Lemon juice safely lightens acne scars.,Lemon juice can irritate skin and increase sun sensitivity.,"Its acidity can cause irritation or photosensitivity, sometimes worsening the very marks it's meant to lighten.",Acne & Pimples,Moderate
63,Toothpaste dries out pimples faster than actual acne treatments.,Actual acne ingredients are generally more effective and safer than toothpaste.,"Toothpaste isn't formulated for skin, while ingredients like benzoyl peroxide are specifically designed and tested for acne.",Acne & Pimples,Easy
64,Popping only causes scarring if it's done the wrong way.,Even carefully done popping carries a real risk of scarring.,"The trauma to skin tissue from any extraction, careful or not, can trigger inflammation that leads to a mark.",Acne & Pimples,Moderate
65,Alcohol wipes safely disinfect a popped pimple.,Alcohol can further irritate broken skin rather than help it heal.,"Alcohol can dry and inflame already compromised skin, potentially slowing the healing process.",Acne & Pimples,Moderate
66,Acne cream should burn or tingle to be working.,"A burning sensation is usually a sign of irritation, not effectiveness.","Mild tingling can sometimes occur with certain actives, but a strong burning feeling often signals the product is too harsh.",Acne & Pimples,Moderate
67,Rinsing with salt water cures acne.,Salt water is not a proven or reliable acne treatment.,"While salt water may have mild antiseptic properties, it isn't a substitute for evidence-based acne treatments.",Acne & Pimples,Moderate
68,Coconut oil is good for oily or acne-prone skin.,Coconut oil is considered highly comedogenic for many people.,"Its heavy, occlusive nature can clog pores in acne-prone individuals rather than helping control breakouts.",Acne & Pimples,Moderate
69,More foaming in a cleanser means it's cleaning better.,Foam level doesn't indicate a cleanser's actual cleansing effectiveness.,"Foaming agents are cosmetic in nature, and heavily foaming cleansers can sometimes be more stripping to the skin barrier.",Acne & Pimples,Moderate
70,Oil cleansing always worsens acne.,Oil cleansing can suit some acne-prone skin types when formulated well.,Certain non-comedogenic oils can effectively dissolve makeup and sebum without necessarily triggering more breakouts.,Acne & Pimples,Moderate
71,Benzoyl peroxide is too harsh for anyone to start with.,Benzoyl peroxide can be introduced gradually at lower concentrations.,Starting with a lower percentage and building up tolerance can make this effective ingredient manageable for most people.,Acne & Pimples,Moderate
72,Spironolactone should only be used as a last resort.,Spironolactone is often used earlier for hormonal acne under medical guidance.,"This medication is commonly considered a standard option for hormonal acne, not strictly a last-resort treatment.",Acne & Pimples,Moderate
73,Hormonal acne can only be treated with oral medication.,Some hormonal acne can also respond to topical treatments.,Certain topical retinoids and other actives can help manage hormonal acne alongside or instead of oral medication.,Acne & Pimples,Moderate
74,"It's safe to extract early, invisible acne (microcomedones) with a tool at home.",At-home extraction of early acne can still cause irritation or infection.,"Even subclinical acne benefits from proper technique and hygiene, which is best handled by a trained professional.",Acne & Pimples,Moderate
75,Acne washes need to be used many times a day for best results.,Overusing acne washes can dry out and irritate the skin.,Most acne cleansers are designed for one to two uses daily; more frequent use can compromise the skin barrier.,Acne & Pimples,Easy
76,Drinking soda directly causes cystic acne.,"There is no direct, proven link between soda and cystic acne specifically.","While high-sugar diets may influence acne in some people, cystic acne has multiple contributing factors beyond one beverage.",Acne & Pimples,Moderate
77,Using expired acne products is harmless.,Expired products can lose effectiveness or become irritating.,"Active ingredients can degrade over time, and preservatives may no longer work properly, increasing irritation risk.",Acne & Pimples,Moderate
78,Combination skin doesn't experience acne.,"Combination skin can still develop acne, especially in the oilier zones.","The oilier areas of combination skin, like the T-zone, remain prone to clogged pores and breakouts.",Acne & Pimples,Easy
79,Dry skin never gets acne.,Dry skin can still develop acne alongside flaking or tightness.,"Acne is driven by clogged pores and bacteria, which can occur even when the skin surface feels dry.",Acne & Pimples,Easy
80,Applying heavier makeup helps cover and clear acne faster.,Heavier makeup can trap oil and bacteria rather than help clear skin.,Thick coverage products may worsen breakouts if they clog pores or aren't properly removed at day's end.,Acne & Pimples,Easy
81,Niacinamide can replace sunscreen for acne-prone skin.,Niacinamide does not provide UV protection like sunscreen does.,"These serve different purposes; niacinamide supports the skin barrier, while sunscreen specifically blocks harmful UV rays.",Acne & Pimples,Moderate
82,"Glycolic acid alone can treat active, inflamed acne.","Glycolic acid mainly helps with texture and mild congestion, not deep inflammation.","For inflamed or cystic acne, ingredients like benzoyl peroxide or retinoids are generally more targeted and effective.",Acne & Pimples,Moderate
83,Popping pimples with fingers is fine if hands are clean enough.,"Fingers can still transfer bacteria and cause trauma to the skin, even when clean.","Beyond bacteria, the physical pressure from squeezing can damage underlying tissue regardless of hand cleanliness.",Acne & Pimples,Moderate
84,Using more sunscreen always worsens acne.,The amount of sunscreen isn't the deciding factor; the formula is.,"Choosing a non-comedogenic, lightweight sunscreen matters more than how much is applied for acne-prone skin.",Acne & Pimples,Moderate
85,Chin acne always means a hormonal issue.,Chin acne can have multiple causes beyond hormones.,"While hormones are a common factor for jawline and chin breakouts, diet, stress, and products can also contribute.",Acne & Pimples,Moderate
86,Forehead acne always signals a digestive problem.,There is no confirmed direct link between forehead location and digestion.,Popular face-mapping theories aren't strongly supported by dermatological evidence; forehead acne often relates to oil and hair products.,Acne & Pimples,Moderate
87,Back acne always means poor hygiene.,"Back acne is often related to sweat, friction, and clogged follicles rather than hygiene alone.",Tight clothing and trapped sweat can contribute to body acne independent of how often someone showers.,Acne & Pimples,Easy
88,Antibacterial soap is the best way to prevent acne.,Antibacterial soap can be overly drying and isn't a proven acne prevention method.,"Acne bacteria live within pores, where surface antibacterial soap has limited reach, and overuse can irritate skin.",Acne & Pimples,Moderate
89,Drinking bone broth clears up acne-prone skin.,There is no solid evidence that bone broth clears acne.,"While it may support general nutrition, there's no direct proven mechanism linking it to acne improvement.",Acne & Pimples,Moderate
90,Apple cider vinegar toner shrinks pores and clears acne.,Apple cider vinegar can irritate skin and doesn't shrink pores.,"Its acidity may disrupt the skin barrier, and like other toners, it cannot physically alter pore size.",Acne & Pimples,Moderate
91,Sleeping with makeup on once is completely harmless.,Even one night with makeup on can contribute to clogged pores.,"Leftover makeup, oil, and pollutants can mix overnight and increase the chance of a breakout the next day.",Acne & Pimples,Easy
92,Popping a pimple releases toxins from the body.,Pimples do not contain 'toxins' in a medical sense.,"A pimple is made of oil, dead skin cells, and bacteria localized to that pore, not a body-wide toxin release.",Acne & Pimples,Moderate
93,Icing active acne shrinks it permanently.,"Ice offers only temporary reduction in swelling, not a permanent fix.","The anti-inflammatory effect of cold is short-lived, and the pimple typically returns to its earlier state.",Acne & Pimples,Easy
94,All natural oils are safe and never clog pores.,Some natural oils are comedogenic and can clog pores.,Oils vary widely in their comedogenic rating; some like coconut oil are more likely to clog pores than others.,Acne & Pimples,Moderate
95,Using a rougher scrub is better for clearing clogged pores.,Rough physical scrubs can micro-tear skin and worsen acne.,Gentle chemical exfoliants are usually more effective and less damaging than abrasive physical scrubbing for acne-prone skin.,Acne & Pimples,Moderate
96,You should stop all skincare products the moment you get a breakout.,Suddenly stopping a routine can disrupt the skin barrier further.,Abruptly halting products can cause rebound irritation; adjusting rather than eliminating a routine is usually better.,Acne & Pimples,Moderate
97,Acne-prone skin doesn't need SPF because sun 'dries out' pimples.,Acne-prone skin still needs sun protection despite any drying appearance.,"UV exposure can worsen post-acne marks and increase long-term skin damage, regardless of a temporary drying effect.",Acne & Pimples,Moderate
98,A pimple that hasn't 'come to a head' should be forced open.,Forcing an unready pimple open usually increases inflammation and scarring risk.,Pimples without a visible head are often deeper and better left to heal or be treated by a professional.,Acne & Pimples,Moderate
99,Body acne can be treated exactly the same way as facial acne.,Body skin is thicker and often needs stronger formulations or different application.,Products designed for the body may use higher concentrations of actives suited to thicker skin on the back or chest.,Acne & Pimples,Moderate
100,"Once you clear your acne, you can stop your routine completely.",Stopping treatment abruptly can lead to acne returning.,"Many acne treatments work as maintenance; suddenly stopping can allow oil, bacteria, and clogged pores to return.",Acne & Pimples,Moderate
101,A high-SPF sunscreen will always clog acne-prone pores.,SPF level itself doesn't determine whether a sunscreen clogs pores.,"It's the specific ingredients and formulation of a sunscreen, not the SPF number, that determine comedogenic potential.",Acne & Pimples,Moderate
102,Using witch hazel is a safe daily treatment for all acne-prone skin.,Witch hazel can be drying and irritating for some skin types.,Its astringent properties may be too harsh for sensitive or already irritated acne-prone skin used daily.,Acne & Pimples,Moderate
103,Popping blackheads with strips removes them permanently.,Pore strips only remove surface debris temporarily.,"The pore can accumulate oil and skin cells again afterward, since strips don't change how the pore produces oil.",Acne & Pimples,Moderate
104,Sunscreen is only necessary on sunny days.,UV rays can penetrate clouds and reach the skin even on overcast days.,"Up to a large portion of UV radiation can pass through clouds, so daily protection matters regardless of visible sunshine.",Sunscreen & UV Protection,Easy
105,You don't need sunscreen indoors.,UVA rays can pass through windows and affect skin indoors.,"Prolonged time near windows, especially in cars or offices, can still expose skin to UVA radiation.",Sunscreen & UV Protection,Moderate
106,Darker skin tones don't need sunscreen.,All skin tones can be affected by UV damage and should use sunscreen.,"While melanin offers some natural protection, it does not eliminate the risk of sun damage or skin cancer.",Sunscreen & UV Protection,Easy
107,A higher SPF number means you never need to reapply.,Sunscreen needs reapplication regardless of the SPF number.,"SPF measures protection level, not duration, so reapplication every couple of hours is still necessary.",Sunscreen & UV Protection,Easy
108,Makeup with SPF is enough sun protection for the whole day.,"Makeup with SPF alone usually doesn't provide adequate, even coverage.","Most people don't apply enough makeup to reach the labeled SPF, so a dedicated sunscreen underneath is recommended.",Sunscreen & UV Protection,Moderate
109,Sunscreen isn't necessary for people who tan easily instead of burning.,Tanning is still a sign of UV-induced skin damage.,"A tan reflects the skin's response to DNA damage from UV exposure, not proof of being safe from harm.",Sunscreen & UV Protection,Moderate
110,You only need sunscreen during summer months.,"UV exposure can be significant year-round, including in winter.","Even in cooler months, UV rays reach the earth and can contribute to skin damage over time.",Sunscreen & UV Protection,Easy
111,"Once applied in the morning, sunscreen lasts all day.",Sunscreen effectiveness decreases over time and needs reapplication.,"Sweat, water, and simple degradation from UV exposure reduce a sunscreen's protective ability after a few hours.",Sunscreen & UV Protection,Easy
112,Sunscreen causes vitamin D deficiency in most people.,Most people still produce adequate vitamin D despite using sunscreen.,"Real-world sunscreen application is often imperfect, allowing enough incidental UV exposure for vitamin D synthesis in many cases.",Sunscreen & UV Protection,Moderate
113,SPF 100 gives twice the protection of SPF 50.,The difference in protection between high SPF numbers is relatively small.,"SPF 50 blocks about 98% of UVB rays while SPF 100 blocks about 99%, a much smaller gap than the numbers suggest.",Sunscreen & UV Protection,Moderate
114,Physical and chemical sunscreens work the same way.,Physical and chemical sunscreens use different mechanisms to protect skin.,"Physical sunscreens reflect UV rays using minerals, while chemical sunscreens absorb UV radiation and convert it to heat.",Sunscreen & UV Protection,Moderate
115,Sunscreen is only needed at the beach or pool.,Everyday activities like walking or driving also expose skin to UV rays.,"Regular daily exposure, even during short outdoor errands, contributes to cumulative UV damage over time.",Sunscreen & UV Protection,Easy
116,Babies and young children don't need sun protection.,Infants and children have delicate skin that needs sun protection too.,"Guidance typically recommends protective clothing and shade for very young infants, with sunscreen as advised by a pediatrician.",Sunscreen & UV Protection,Moderate
117,Waterproof sunscreen doesn't need reapplying after swimming.,"No sunscreen is truly waterproof, and reapplication after swimming is recommended.","Products are labeled 'water resistant' for a specific time period, after which effectiveness declines.",Sunscreen & UV Protection,Moderate
118,A base tan protects skin from further sun damage.,"A base tan offers only minimal, unreliable protection against UV rays.",The protection from a tan is roughly equivalent to a very low SPF and does not meaningfully guard against damage.,Sunscreen & UV Protection,Moderate
119,Sunscreen isn't needed if you're wearing long sleeves.,"Some fabrics allow UV rays to pass through, so sunscreen can still help.","Not all clothing offers strong UV protection, and exposed areas like the hands, neck, and face still need coverage.",Sunscreen & UV Protection,Moderate
120,You can apply sunscreen just once when you go outside for hours.,Reapplying every two hours is generally recommended during extended outdoor time.,"Sunscreen degrades with UV exposure and can rub or sweat off, reducing its protective ability over several hours.",Sunscreen & UV Protection,Easy
121,Sunscreen prevents all types of skin aging.,Sunscreen reduces UV-related aging but doesn't address every aging factor.,"While it helps prevent photoaging like wrinkles and dark spots, other factors like genetics also influence skin aging.",Sunscreen & UV Protection,Moderate
122,Mineral sunscreens are always better than chemical sunscreens.,Both mineral and chemical sunscreens can be effective when used correctly.,"The best sunscreen is often the one a person will actually apply consistently and correctly, regardless of type.",Sunscreen & UV Protection,Moderate
123,"SPF only protects against sunburn, not skin cancer risk.",Sunscreen use is associated with reduced skin cancer risk over time.,"By limiting UV-induced DNA damage, consistent sunscreen use is linked to lower rates of certain skin cancers.",Sunscreen & UV Protection,Moderate
124,"If your skin doesn't burn, you can skip sunscreen.",Skin can still sustain UV damage without visibly burning.,Non-burning UV exposure can still contribute to premature aging and long-term skin damage over time.,Sunscreen & UV Protection,Moderate
125,Applying a thin layer of sunscreen gives the same protection as the label states.,A thin layer of sunscreen provides less protection than the tested amount.,Studies show most people apply far less sunscreen than the amount used to determine the labeled SPF.,Sunscreen & UV Protection,Moderate
126,You don't need sunscreen on cloudy or rainy days.,UV rays can still reach the skin even during cloudy or rainy weather.,Cloud cover reduces but does not eliminate UV radiation reaching the ground.,Sunscreen & UV Protection,Easy
127,Tinted moisturizer with SPF replaces the need for a separate sunscreen.,Tinted moisturizer with SPF is often applied too thinly for full protection.,"As with SPF makeup, people typically don't apply enough of these combined products to reach labeled protection.",Sunscreen & UV Protection,Moderate
128,Sunscreen only needs to be applied to the face.,"Other exposed areas like the neck, ears, and hands also need sun protection.",These commonly overlooked areas are just as susceptible to UV damage as the face.,Sunscreen & UV Protection,Easy
129,Higher SPF sunscreens don't need to be reapplied as often.,Reapplication frequency is generally the same regardless of SPF number.,"SPF reflects the level of protection, not how long that protection lasts throughout the day.",Sunscreen & UV Protection,Moderate
130,You can't get sunburned through a car window.,UVA rays can pass through car windows and affect the skin.,"While windows block most UVB rays, UVA rays that contribute to aging and some damage can still pass through.",Sunscreen & UV Protection,Moderate
131,Sunscreen expires and stops working the moment the bottle is opened.,"Sunscreen typically remains effective for a set period after opening, often noted on the packaging.",Most sunscreens have a shelf life indicated by a small jar symbol showing months of effectiveness after opening.,Sunscreen & UV Protection,Moderate
132,Oily or acne-prone skin should avoid sunscreen entirely.,"There are lightweight, non-comedogenic sunscreen formulas suited for oily or acne-prone skin.",Gel or fluid-based sunscreens are specifically designed to feel light and avoid clogging pores.,Sunscreen & UV Protection,Moderate
133,Sunscreen isn't needed when it's cold outside.,UV exposure isn't determined by air temperature.,"UV radiation levels depend on factors like altitude and cloud cover, not how warm or cold the air feels.",Sunscreen & UV Protection,Easy
134,People with naturally dark skin can't get skin cancer.,People with darker skin tones can still develop skin cancer.,"While the risk is statistically lower, skin cancer in people with darker skin is often diagnosed later and can be more serious.",Sunscreen & UV Protection,Moderate
135,Spray sunscreens provide the same coverage as lotion when sprayed quickly.,Spray sunscreens often need to be rubbed in to ensure even coverage.,"Quick spraying can leave uneven patches, so it's generally recommended to spray generously and rub the product in.",Sunscreen & UV Protection,Moderate
136,Sunburn only affects the outer layer of skin temporarily.,"Sunburn reflects deeper cellular damage, not just a surface-level effect.",The DNA damage from a sunburn can persist and contribute to long-term skin aging and increased cancer risk.,Sunscreen & UV Protection,Moderate
137,"You can build a natural, long-lasting immunity to sunburn over time.",Skin does not develop lasting immunity to UV damage from repeated sun exposure.,"Even with more melanin from prior tanning, skin remains vulnerable to cumulative UV damage over a lifetime.",Sunscreen & UV Protection,Moderate
138,Applying sunscreen only once in the morning is enough for outdoor sports.,Sweating and friction during sports can remove sunscreen quickly.,"Frequent reapplication, often every couple of hours, is especially important during outdoor physical activity.",Sunscreen & UV Protection,Easy
139,All sunscreens protect equally against both UVA and UVB rays.,Not all sunscreens offer balanced protection against both UVA and UVB rays.,Checking for a 'broad-spectrum' label helps ensure protection against both types of ultraviolet radiation.,Sunscreen & UV Protection,Moderate
140,Using sunscreen prevents you from getting any tan at all.,Sunscreen reduces but doesn't always completely eliminate tanning.,"Since no sunscreen blocks 100% of UV rays, some gradual tanning can still occur even with regular use.",Sunscreen & UV Protection,Moderate
141,You should apply sunscreen only after you're already outside.,Sunscreen works best when applied before sun exposure begins.,Most sunscreens need about 15 to 20 minutes to properly settle on the skin before offering full protection.,Sunscreen & UV Protection,Moderate
142,Skin cancer risk from sun exposure is only relevant for older adults.,Sun damage accumulates from a young age and matters throughout life.,Childhood and young adult sun exposure contributes significantly to long-term skin cancer risk later in life.,Sunscreen & UV Protection,Moderate
143,"If sunscreen feels greasy, it means it's working better.","A greasy feel is related to formulation texture, not effectiveness level.","Sunscreen texture depends on its ingredients and base, and lighter formulas can be just as protective as heavier ones.",Sunscreen & UV Protection,Moderate
144,Sunscreen isn't necessary for short outdoor errands under 15 minutes.,"Even brief, repeated sun exposure can add up over time.",Cumulative daily UV exposure from short errands can contribute meaningfully to long-term skin damage.,Sunscreen & UV Protection,Moderate
145,"Once you apply sunscreen, towel-drying after swimming doesn't remove it.",Towel-drying can physically rub off a portion of applied sunscreen.,"Friction from towels can reduce the protective layer, making reapplication after swimming and drying off important.",Sunscreen & UV Protection,Moderate
146,SPF in foundation is enough protection if you reapply foundation during the day.,Reapplying foundation over makeup for sun protection is often impractical and insufficient.,Most people don't reapply enough foundation throughout the day to maintain effective SPF coverage.,Sunscreen & UV Protection,Moderate
147,You can skip sunscreen if you're only going to be in the shade.,Reflected and scattered UV rays can still reach skin in shaded areas.,"Surfaces like concrete, sand, and water can reflect UV rays even when a person is technically in the shade.",Sunscreen & UV Protection,Moderate
148,Higher altitude has no effect on UV exposure levels.,UV exposure tends to increase at higher altitudes.,"With less atmosphere to filter UV rays, higher elevations generally experience stronger ultraviolet radiation.",Sunscreen & UV Protection,Moderate
149,Old sunscreen still works exactly the same as fresh sunscreen.,"Sunscreen's active ingredients can degrade over time, reducing effectiveness.","Beyond the expiration date, the protective formulation may no longer perform as well as a fresh product.",Sunscreen & UV Protection,Moderate
150,Sunscreen application order doesn't matter in a skincare routine.,Sunscreen is generally recommended as the last step in a morning routine.,"Applying it after moisturizer and before makeup helps ensure it forms an effective, uninterrupted protective layer.",Sunscreen & UV Protection,Moderate
151,You don't need sunscreen if your skin never seems to burn from the sun.,Non-burning skin can still accumulate UV-related damage over time.,Sun damage isn't limited to visible burning; it also includes deeper changes that build up silently.,Sunscreen & UV Protection,Moderate
152,Reflective surfaces like snow don't increase UV exposure.,Snow can reflect a large portion of UV rays back onto the skin.,This reflective effect is why sun protection is often recommended even during winter outdoor activities like skiing.,Sunscreen & UV Protection,Moderate
153,Sunscreen isn't necessary for people who work mostly indoors.,"Even limited daily sun exposure, like commuting, can add up over time.",Cumulative low-level exposure through windows or brief outdoor moments can still contribute to long-term skin changes.,Sunscreen & UV Protection,Moderate
154,A sunscreen with a higher price always offers better protection.,Price does not directly correlate with a sunscreen's level of protection.,"Effectiveness depends on the formulation and correct application, not on how expensive the product is.",Sunscreen & UV Protection,Easy
155,Water resistant sunscreen means it never washes off in water.,"Water resistant sunscreens are tested to a specific time limit, not indefinitely.",Labels typically indicate resistance for around 40 or 80 minutes of water exposure before reapplication is needed.,Sunscreen & UV Protection,Moderate
156,Sunscreen only matters for the face and not the rest of the body.,"All exposed skin, not just the face, benefits from sun protection.","Areas like arms, legs, and the back of the neck are frequently exposed and just as prone to UV damage.",Sunscreen & UV Protection,Easy
157,"If you already have dark spots, sunscreen won't make a difference.",Sunscreen can help prevent existing dark spots from worsening.,"Continued sun exposure without protection can deepen pigmentation, making sunscreen an important part of managing dark spots.",Sunscreen & UV Protection,Moderate
158,Sunscreen isn't necessary in air-conditioned environments.,Air conditioning doesn't block UV rays coming through windows.,Cool indoor temperatures have no bearing on the amount of UV radiation that may still reach the skin.,Sunscreen & UV Protection,Moderate
159,You should only apply sunscreen where the sun directly hits your skin.,"UV rays can scatter and affect skin not in direct, obvious sunlight.",Scattered and reflected UV light can reach skin even in seemingly shaded or indirect areas.,Sunscreen & UV Protection,Moderate
160,People with oily skin need less sunscreen than people with dry skin.,The amount of sunscreen needed for adequate protection doesn't change based on oiliness.,"A consistent, generous amount is recommended for full coverage regardless of underlying skin type.",Sunscreen & UV Protection,Moderate
161,Chemical sunscreens take effect immediately upon application.,Chemical sunscreens typically need time to be absorbed before they're fully effective.,Applying about 15 to 20 minutes before sun exposure allows these formulas to properly bind to the skin.,Sunscreen & UV Protection,Moderate
162,Sunscreen use will cause your skin to become dependent on it.,Skin doesn't become dependent on sunscreen in a physiological sense.,There's no mechanism by which regular sunscreen use makes skin worse without it; it simply resumes its natural sun exposure risk.,Sunscreen & UV Protection,Moderate
163,You don't need extra sun protection if you're wearing sunglasses.,"Sunglasses only protect the eyes, not the surrounding skin.",The skin around the eyes and rest of the face still needs separate sun protection like sunscreen.,Sunscreen & UV Protection,Easy
164,Applying sunscreen under makeup is pointless since makeup covers it.,Sunscreen applied under makeup still provides its protective barrier on the skin.,The order of application doesn't prevent sunscreen from functioning as intended beneath other products.,Sunscreen & UV Protection,Moderate
165,Sunscreen isn't needed for short drives with windows up.,UVA rays can still pass through most standard car windows.,"Even brief exposure during driving can contribute over time, particularly on the side facing the sun.",Sunscreen & UV Protection,Moderate
166,A tan from a tanning bed is safer than a tan from the sun.,Tanning beds emit concentrated UV radiation and carry their own significant risks.,"Indoor tanning devices can expose skin to intense UV rays, which is linked to increased skin cancer risk.",Sunscreen & UV Protection,Moderate
167,Sunscreen use isn't important for people who rarely go outside.,Even occasional and incidental exposure can matter over months and years.,"Small amounts of regular exposure, such as through windows or short trips outside, can add up over time.",Sunscreen & UV Protection,Moderate
168,SPF is the only number that matters when choosing a sunscreen.,The PA rating or UVA protection level is also an important factor to consider.,"While SPF measures UVB protection, ratings like PA+ to PA++++ indicate the level of UVA protection separately.",Sunscreen & UV Protection,Moderate
169,Sunscreen doesn't need to be reapplied if you stay in an air-conditioned car all day.,People often don't realize how much incidental sun exposure occurs even while driving.,"Sitting near a window with sunlight streaming in, even briefly, can add cumulative UV exposure over a long drive.",Sunscreen & UV Protection,Moderate
170,"Once a tan fades, any related skin damage also disappears.",The underlying DNA damage from tanning doesn't disappear when visible color fades.,"Even after a tan fades, the cellular changes caused by UV exposure can persist and contribute to long-term effects.",Sunscreen & UV Protection,Moderate
171,You should choose a sunscreen based only on its scent or feel.,"Sun protection factor, broad-spectrum coverage, and skin compatibility matter more than fragrance.","Choosing based on scent alone can overlook other factors, like whether it truly offers broad-spectrum protection.",Sunscreen & UV Protection,Easy
172,It's fine to use last year's leftover sunscreen for a beach trip.,Older sunscreen may have reduced effectiveness by the time it's reused.,Checking the expiration date and general condition of the product before reuse helps ensure adequate protection.,Sunscreen & UV Protection,Moderate
173,Wearing a hat means you can skip sunscreen on your face.,A hat alone often doesn't fully shield the face from all angles of UV exposure.,Reflected light and gaps in shade coverage mean sunscreen is still generally recommended even with a hat.,Sunscreen & UV Protection,Moderate
174,Sunscreen isn't necessary if you already have a naturally deep skin tone.,People with deeper skin tones can still experience sun damage and should use sunscreen.,"Melanin offers some natural protection, but it isn't a complete substitute for sunscreen against UV-related skin changes.",Sunscreen & UV Protection,Easy
175,Sunscreen can permanently reverse existing sun damage.,Sunscreen mainly prevents further damage rather than reversing what's already there.,"Other treatments, like certain topical actives or professional procedures, are typically needed to address existing damage.",Sunscreen & UV Protection,Moderate
176,"You only need to apply sunscreen to visibly exposed skin, ignoring the ears and scalp.","The ears, scalp part-lines, and lips are commonly overlooked but exposed areas.",These areas are frequently missed during application yet remain vulnerable to UV exposure and damage.,Sunscreen & UV Protection,Moderate
177,You need a 10-step routine to have healthy skin.,"A simple, consistent routine can be just as effective as a long one.","Cleansing, moisturizing, and sun protection form the foundation, and additional steps are optional rather than required.",Skincare Basics,Easy
178,Expensive skincare products always work better than affordable ones.,Price doesn't necessarily reflect a product's effectiveness.,Formulation and active ingredient concentration matter more for results than the cost of the product.,Skincare Basics,Easy
179,Natural ingredients are always gentler than synthetic ones.,Some natural ingredients can be more irritating than synthetic alternatives.,"Ingredient safety depends on the specific compound and concentration, not simply whether it's derived from nature or a lab.",Skincare Basics,Moderate
180,You should feel a tingling or burning sensation for a product to be effective.,A strong tingling or burning sensation often signals irritation rather than effectiveness.,Well-formulated products are generally designed to work without causing noticeable discomfort on the skin.,Skincare Basics,Moderate
181,Skin needs to 'purge' and get worse before it gets better with any new product.,"True purging is specific to certain actives, not a universal skincare rule.","Purging typically applies to ingredients that speed up cell turnover, like retinoids, not every new product introduced.",Skincare Basics,Moderate
182,Switching your skincare routine seasonally isn't necessary.,"Skin's needs can change with weather, so some routine adjustments may help.","Humidity and temperature shifts can affect oil production and hydration needs, making seasonal tweaks useful for some people.",Skincare Basics,Moderate
183,You should apply skincare products in any order you like.,Applying products in a general thin-to-thick order helps them absorb properly.,Layering from lightest to heaviest texture generally allows each product to penetrate the skin more effectively.,Skincare Basics,Moderate
184,More product applied at once means faster or better results.,Using more product than needed doesn't speed up results and can cause irritation.,"Most products are formulated for a specific amount per use, and excess can overwhelm the skin without added benefit.",Skincare Basics,Easy
185,You should exfoliate every day for the best skin texture.,Daily exfoliation is often too frequent and can damage the skin barrier.,"Most skin types benefit from exfoliating a few times a week rather than daily, depending on the exfoliant's strength.",Skincare Basics,Moderate
186,"If a product doesn't show results in a few days, it's not working.",Many skincare products need several weeks of consistent use to show visible results.,"Skin cell turnover and adaptation take time, so most active ingredients require patience before changes appear.",Skincare Basics,Easy
187,Skin type is fixed for life and never changes.,"Skin type can change due to age, climate, hormones, and other factors.",What worked in one's teenage years may not suit their skin in their thirties or in a different climate.,Skincare Basics,Moderate
188,You should always test new products on your face first.,Testing on a small area like the inner arm first is generally safer.,"A patch test can reveal a reaction before it affects a larger, more visible area like the face.",Skincare Basics,Moderate
189,"Skincare products absorb better if applied to slightly damp skin, always.","This depends on the specific product, as some are formulated for dry skin application.","Certain products, like specific serums, work well on damp skin, while others are designed for use on completely dry skin.",Skincare Basics,Moderate
190,A skincare routine should be identical for morning and night.,Morning and night routines often serve different purposes.,"Morning routines typically focus on protection, like sunscreen, while night routines often focus on repair and active treatments.",Skincare Basics,Moderate
191,"If your skin feels tight after washing, that means it's clean.",A tight feeling after washing often indicates the skin barrier has been over-stripped.,"Healthy, clean skin typically feels comfortable rather than tight, since tightness can signal excess dryness.",Skincare Basics,Easy
192,Skincare products work the same for everyone regardless of skin type.,Results can vary significantly based on individual skin type and sensitivity.,The same ingredient may suit one skin type well while causing irritation or no benefit for another.,Skincare Basics,Easy
193,"You should always use the newest, trending ingredient in skincare.",Trending ingredients aren't automatically the best fit for every skin concern.,Choosing ingredients based on individual skin needs is generally more effective than following trends alone.,Skincare Basics,Moderate
194,A basic routine with just a few products can't be effective.,"A minimal, consistent routine can meaningfully improve skin health.","Cleansing, moisturizing, and sun protection alone can address many common skin concerns effectively.",Skincare Basics,Easy
195,Layering many active ingredients together always boosts results.,Combining too many actives at once can increase irritation rather than results.,"Certain active combinations can conflict or overwhelm the skin barrier, so introducing them gradually is often better.",Skincare Basics,Moderate
196,You should change your entire routine if you don't see results within a week.,Most skincare ingredients need weeks to demonstrate visible change.,Judging a product's effectiveness too soon can lead to unnecessary and frequent routine changes.,Skincare Basics,Easy
197,"Skin gets 'used to' products over time, making them stop working.",True product resistance in skin is uncommon; other factors often explain a plateau.,"A perceived plateau is often due to changes in weather, hormones, or other lifestyle factors rather than skin adapting to a product.",Skincare Basics,Moderate
198,You should use the same amount of product regardless of the area treated.,"Different areas, like the eye region, often need smaller amounts of product.","Thinner or more delicate skin areas typically require a gentler, smaller application than areas like the cheeks.",Skincare Basics,Moderate
199,"All skincare products should be applied with firm, vigorous rubbing.",Gentle application is generally recommended to avoid unnecessary irritation.,"Vigorous rubbing can cause micro-tears or irritation, especially with active or exfoliating products.",Skincare Basics,Moderate
200,Skincare routines don't need to be adjusted for pregnancy.,Certain ingredients are generally recommended to avoid or limit during pregnancy.,"Ingredients like retinoids and high-dose salicylic acid are often advised against during pregnancy, so routines may need review.",Skincare Basics,Moderate
201,A product labeled 'dermatologist tested' guarantees it works for everyone.,"This label indicates testing occurred, not that results are guaranteed for every user.","Testing can confirm general safety, but individual results still vary based on unique skin factors.",Skincare Basics,Moderate
202,You should apply skincare products only in a rush before bed.,Rushed application can lead to uneven coverage and reduced product effectiveness.,Taking a bit more time helps ensure the face and neck are evenly covered for consistent results.,Skincare Basics,Easy
203,"If a product is 'hypoallergenic,' it can never cause any reaction.","Hypoallergenic products are formulated to reduce allergy risk, not eliminate it completely.","Individual sensitivities vary, so even hypoallergenic products can occasionally cause a reaction in some people.",Skincare Basics,Moderate
204,"Skincare only matters for the face, not the neck or hands.",The neck and hands are also exposed to environmental factors and benefit from care.,"These areas can show visible signs of aging or damage just like the face, so including them is often recommended.",Skincare Basics,Easy
205,You should use products in the exact order they're listed on social media trends.,"Product order should be based on texture and ingredient compatibility, not trend order.","Applying from thinnest to thickest texture generally helps products absorb properly, regardless of a trending sequence.",Skincare Basics,Moderate
206,A single miracle product can fix every skin concern at once.,Most effective routines address different concerns with a combination of products.,"Skin concerns like hydration, texture, and pigmentation often require different targeted ingredients working together.",Skincare Basics,Easy
207,You should stop skincare products the moment your skin looks 'fine'.,Discontinuing a working routine can allow previous concerns to gradually return.,Maintenance is often necessary to sustain improvements achieved through consistent skincare use.,Skincare Basics,Moderate
208,Skin can 'breathe' and needs to be left completely bare sometimes.,"Skin doesn't breathe air in the way lungs do, so bare skin isn't a physiological need.",Oxygen exchange with skin occurs at a cellular level and isn't blocked by appropriately formulated products.,Skincare Basics,Moderate
209,A product's ingredient list order doesn't matter.,Ingredients are generally listed in descending order of concentration.,Understanding this order can help identify how much of a key active ingredient a product actually contains.,Skincare Basics,Moderate
210,You should always follow international skincare trends exactly as shown online.,"Skincare needs vary by climate, skin type, and individual concerns.",A routine popular in one climate or skin type may not translate well to different environmental or personal conditions.,Skincare Basics,Moderate
211,Skincare products with a strong fragrance are always higher quality.,Fragrance is unrelated to a product's effectiveness and can even irritate sensitive skin.,"Added fragrance is a cosmetic choice, and fragrance-free options can be equally or more effective for sensitive skin.",Skincare Basics,Easy
212,You need to use an entirely different skincare line for every step.,Products from different brands can generally be mixed as needed.,"What matters most is the formulation and ingredient compatibility of each product, not that they share a single brand.",Skincare Basics,Easy
213,"If your skin looks good, you can skip skincare altogether.",Even good-looking skin benefits from consistent maintenance and protection.,"Preventive care, like sun protection, helps maintain skin health and can prevent future issues.",Skincare Basics,Easy
214,You should pat products in only with your ring finger for best results.,Application technique can help but ring finger use alone doesn't determine effectiveness.,"While gentle application is generally recommended, effectiveness depends more on the product itself than which finger is used.",Skincare Basics,Moderate
215,Skincare routines should be copied exactly from influencers regardless of skin type.,Effective routines are typically tailored to an individual's specific skin type and concerns.,"What works well for one person's skin may not suit someone with different oil levels, sensitivity, or concerns.",Skincare Basics,Easy
216,You should introduce every new product into your routine at once.,Introducing products one at a time helps identify reactions and effectiveness.,Adding several new products simultaneously makes it difficult to determine which one may be causing irritation.,Skincare Basics,Moderate
217,Skincare doesn't need consistency; occasional use is just as effective.,"Most skincare benefits build gradually and require regular, consistent use.",Skipping days frequently can slow or prevent the improvements that a product is meant to provide.,Skincare Basics,Easy
218,You should use the same routine no matter how your skin reacts.,Adjusting a routine based on how skin responds is generally recommended.,Monitoring for irritation or dryness and adapting product use helps maintain overall skin health.,Skincare Basics,Moderate
219,Skin only needs care once it starts showing visible problems.,"Preventive skincare, before visible problems appear, can help maintain long-term skin health.","Habits like daily sun protection are most effective when practiced consistently, not just reactively.",Skincare Basics,Easy
220,A thicker cream is always more hydrating than a lighter one.,"Hydration depends on the ingredients used, not just the product's thickness.","Some lightweight gels or serums can be very hydrating due to specific humectant ingredients, regardless of texture.",Skincare Basics,Moderate
221,Dark spots always disappear completely on their own.,"Some dark spots fade over time, but others can persist without treatment.","Post-inflammatory marks often fade gradually, while sun-induced or deeper pigmentation may need targeted treatment to improve.",Pigmentation & Dark Spots,Moderate
222,Lemon juice is a safe way to lighten dark spots.,Lemon juice can irritate skin and increase sensitivity to sunlight.,"Its acidity may cause irritation, and it can make skin more prone to further pigmentation from sun exposure.",Pigmentation & Dark Spots,Moderate
223,Only sun exposure causes dark spots.,"Hormones, inflammation, and injury can also cause pigmentation changes.",Conditions like melasma or marks from acne and injury can develop pigmentation independent of direct sun exposure.,Pigmentation & Dark Spots,Moderate
224,Pigmentation treatments work the same for every skin tone.,Approaches to pigmentation often need to be tailored to individual skin tone and type.,"Certain treatments carry a higher risk of causing further discoloration in some skin tones, so a tailored approach is safer.",Pigmentation & Dark Spots,Moderate
225,"Once pigmentation fades, sunscreen is no longer necessary.",Sunscreen remains important to prevent pigmentation from returning or worsening.,Continued UV exposure without protection can trigger the same pigment-producing response that caused the original spots.,Pigmentation & Dark Spots,Moderate
226,Scrubbing dark spots harder will fade them faster.,Aggressive scrubbing can irritate skin and potentially worsen pigmentation.,Inflammation from harsh scrubbing can trigger additional pigment production rather than fading existing spots.,Pigmentation & Dark Spots,Moderate
227,Melasma only affects pregnant women.,"Melasma can affect non-pregnant individuals too, including men.","While pregnancy hormones are a common trigger, melasma can also be linked to birth control, sun exposure, or genetics.",Pigmentation & Dark Spots,Moderate
228,Dark spots and freckles are the same thing.,Freckles and dark spots have different causes and characteristics.,"Freckles are often genetic and appear in childhood, while dark spots frequently develop from sun exposure or inflammation later in life.",Pigmentation & Dark Spots,Moderate
229,"Vitamin C serums lighten skin overall, not just dark spots.",Vitamin C targets excess pigment in specific areas rather than lightening overall skin tone.,"It works by inhibiting excess melanin production in affected areas, helping even out pigmentation rather than bleaching skin.",Pigmentation & Dark Spots,Moderate
230,Natural remedies always fade pigmentation faster than dermatologist treatments.,Professional treatments are often more consistently effective for stubborn pigmentation.,Options like prescription-strength ingredients or in-office procedures are typically studied more rigorously for pigmentation results.,Pigmentation & Dark Spots,Moderate
231,Dark under-eye circles are always caused by lack of sleep.,"Under-eye circles can result from genetics, thin skin, or blood vessel visibility, not just sleep.",Factors like heredity and naturally thin under-eye skin can contribute to darkness regardless of sleep quality.,Pigmentation & Dark Spots,Moderate
232,"Once you develop a dark spot, nothing can be done about it.","Many pigmentation concerns can improve with consistent, appropriate treatment.","Ingredients like niacinamide, vitamin C, and professional treatments can help visibly reduce many types of dark spots over time.",Pigmentation & Dark Spots,Easy
233,Skin bleaching products are always safe if used often enough.,Overusing skin lightening products can cause irritation or other skin issues.,Certain ingredients used excessively or improperly can lead to uneven pigmentation or skin sensitivity over time.,Pigmentation & Dark Spots,Moderate
234,Pigmentation only appears on the face.,"Pigmentation changes can occur on the body as well, such as the neck or hands.","Sun exposure and inflammation can trigger pigment changes anywhere on the body, not just the face.",Pigmentation & Dark Spots,Easy
235,Exfoliating alone is enough to treat stubborn pigmentation.,Pigmentation often requires targeted ingredients beyond just exfoliation.,"While exfoliation supports cell turnover, ingredients that specifically target melanin production are usually needed for deeper pigmentation.",Pigmentation & Dark Spots,Moderate
236,Tanning helps even out pigmentation and dark spots.,Tanning can actually deepen existing pigmentation and cause new dark spots.,"UV exposure stimulates melanin production, which can make existing dark spots more pronounced rather than blending them.",Pigmentation & Dark Spots,Moderate
237,Post-acne dark marks mean permanent scarring.,"Post-acne dark marks are often temporary discoloration, not permanent scarring.","These marks typically fade over weeks to months, unlike true scars which involve changes in skin texture.",Pigmentation & Dark Spots,Moderate
238,Applying toothpaste on dark spots helps lighten them.,Toothpaste is not designed to treat pigmentation and can irritate skin.,Its ingredients aren't formulated for skin lightening and may cause irritation that worsens pigmentation instead.,Pigmentation & Dark Spots,Easy
239,Darker skin tones are immune to hyperpigmentation.,Darker skin tones can actually be more prone to certain types of hyperpigmentation.,"Higher melanin activity in darker skin can make it more reactive to inflammation, sometimes leading to more visible pigmentation.",Pigmentation & Dark Spots,Moderate
240,"Chemical peels always lighten skin overall, not just target spots.","Peels are generally intended to target uneven pigmentation, not lighten overall skin tone.","When used appropriately, peels work by promoting even cell turnover, which can reduce the appearance of dark spots specifically.",Pigmentation & Dark Spots,Moderate
241,Pigmentation from acne always fades faster without sunscreen.,Sunscreen actually helps post-acne marks fade rather than worsen.,"Without sun protection, UV exposure can deepen and prolong the visibility of post-inflammatory marks.",Pigmentation & Dark Spots,Moderate
242,You can permanently remove pigmentation with a single treatment.,Most pigmentation treatments require multiple sessions or consistent use over time.,"Because pigment sits at different skin depths, gradual, repeated treatment is usually necessary for lasting improvement.",Pigmentation & Dark Spots,Moderate
243,Retinoids have no role in treating pigmentation.,Retinoids can help support even skin tone by promoting cell turnover.,"By speeding up the shedding of pigmented surface cells, retinoids can contribute to a more even skin tone over time.",Pigmentation & Dark Spots,Moderate
244,Hormonal pigmentation like melasma can be treated exactly like sun spots.,"Melasma often requires a different, more careful approach than typical sun spots.","Because melasma can be triggered by hormonal changes, treatments need to consider inflammation risk that could worsen it.",Pigmentation & Dark Spots,Moderate
245,Dark spots caused by insect bites always leave permanent marks.,Marks from insect bites are usually temporary and can fade over time.,"With proper healing and sun protection, most bite-related marks lighten gradually rather than becoming permanent.",Pigmentation & Dark Spots,Moderate
246,Using more than one lightening product at once speeds up fading.,Combining strong lightening ingredients can increase irritation without necessarily improving results.,"Overloading skin with multiple actives can cause sensitivity, which may actually worsen pigmentation through inflammation.",Pigmentation & Dark Spots,Moderate
247,Niacinamide bleaches the skin to remove dark spots.,Niacinamide helps regulate pigment transfer rather than bleaching skin.,"It works by reducing the transfer of pigment to skin cells, supporting a more even tone without a bleaching action.",Pigmentation & Dark Spots,Moderate
248,Pigmentation issues are purely cosmetic and never linked to inflammation.,Pigmentation can be closely tied to underlying skin inflammation.,"Conditions that cause irritation, like acne or eczema flare-ups, can trigger post-inflammatory pigmentation as the skin heals.",Pigmentation & Dark Spots,Moderate
249,"Once dark spots form, no skincare ingredient can help fade them.","Several ingredients like vitamin C, niacinamide, and azelaic acid can help fade dark spots over time.","With consistent use and proper sun protection, these ingredients can meaningfully improve the appearance of many dark spots.",Pigmentation & Dark Spots,Easy
250,Age spots only appear after age 60.,"Age spots, also called sun spots, can appear earlier depending on cumulative sun exposure.",Individuals with significant early sun exposure may notice these spots developing in their 30s or 40s.,Pigmentation & Dark Spots,Moderate
251,Skin lightening creams work the same for all types of pigmentation.,Different pigmentation causes may respond differently to the same lightening ingredients.,"Melasma, sun spots, and post-inflammatory marks can each respond differently depending on their underlying cause.",Pigmentation & Dark Spots,Moderate
252,Wearing sunscreen indoors has no effect on preventing new dark spots.,Indoor UV exposure through windows can still contribute to pigmentation over time.,"Consistent sunscreen use, even indoors, can help reduce the ongoing risk of pigment-triggering UV exposure.",Pigmentation & Dark Spots,Moderate
253,Pigmentation always looks the same regardless of how deep it sits in the skin.,"Pigmentation can sit at different depths, affecting how it looks and responds to treatment.","Superficial pigment often appears more brown, while deeper pigment can look more gray or blue and may need different treatment.",Pigmentation & Dark Spots,Moderate
254,You should stop all pigmentation treatment once you see slight improvement.,Stopping treatment early can allow pigmentation to return or plateau.,"Since pigment can continue forming with ongoing sun exposure, maintaining a routine helps sustain improvement.",Pigmentation & Dark Spots,Moderate
255,Shampooing every day damages your hair.,Daily shampooing isn't inherently damaging and depends on hair type and product used.,"Some scalp types, especially oily ones, can tolerate or even benefit from more frequent washing without harm.",Hair & Scalp,Moderate
256,Cutting hair frequently makes it grow faster.,"Hair growth occurs at the root, so trimming ends doesn't speed up the rate of growth.","Regular trims can prevent split ends from traveling up the hair shaft, but they don't affect the growth rate itself.",Hair & Scalp,Easy
257,Grey hair can be reversed by plucking it out.,Plucking a grey hair doesn't change the pigment of new hair that grows in.,"Hair color is determined at the follicle level, and a new strand grows in with the same pigment pattern regardless of plucking.",Hair & Scalp,Easy
258,Brushing hair 100 strokes a day makes it healthier.,Excessive brushing can actually cause more breakage and damage.,Over-brushing can create friction that weakens the hair shaft rather than distributing oils as commonly believed.,Hair & Scalp,Easy
259,Dandruff is always caused by dry scalp.,Dandruff can also be caused by an oily scalp and a yeast-related overgrowth.,"A common form of dandruff is linked to a yeast called Malassezia and excess oil, not solely dryness.",Hair & Scalp,Moderate
260,Using more shampoo lathers and cleans the scalp better.,Excess shampoo doesn't clean better and can be harder to fully rinse out.,Using an appropriate amount for hair length and thoroughly rinsing matters more than sheer quantity.,Hair & Scalp,Moderate
261,Hats and helmets cause baldness.,Hats and helmets don't cause pattern hair loss.,"Genetic and hormonal factors are the primary drivers of pattern baldness, not wearing head coverings.",Hair & Scalp,Easy
262,Stress-related hair loss is permanent.,Many cases of stress-related hair loss are temporary and can improve over time.,"Conditions like telogen effluvium often resolve once the underlying stressor is addressed, though timing varies by individual.",Hair & Scalp,Moderate
263,Coloring or dyeing hair always causes permanent scalp damage.,"Coloring can cause temporary irritation, but doesn't inherently cause permanent scalp damage when used properly.",Following recommended timing and patch testing can help minimize irritation risk from hair dye application.,Hair & Scalp,Moderate
264,Natural oils can regrow hair on a bald scalp.,Oils can support scalp health but don't reverse pattern baldness on their own.,Pattern hair loss involves hormonal and genetic factors that oils alone typically cannot address.,Hair & Scalp,Moderate
265,Switching shampoo brands often prevents hair from 'getting used to' a product.,Hair doesn't build tolerance to shampoo in a way that requires frequent switching.,"A perceived change in hair behavior is more often linked to weather, buildup, or hair condition than product adaptation.",Hair & Scalp,Moderate
266,You should wash your hair with hot water for a deeper clean.,Hot water can strip natural oils and irritate the scalp.,Lukewarm water is generally gentler and helps maintain the scalp's natural moisture balance.,Hair & Scalp,Moderate
267,Split ends can be repaired with the right hair product.,Split ends cannot be permanently repaired and require trimming.,"Products can temporarily smooth the appearance of split ends, but the actual structural split remains until cut.",Hair & Scalp,Moderate
268,Oily hair means you're washing it too little.,"Oily hair can result from genetics, hormones, or scalp conditions, not just washing frequency.","Sebaceous gland activity, influenced by hormones and genetics, plays a significant role in how oily hair becomes.",Hair & Scalp,Moderate
269,Dandruff means your scalp is unhygienic.,Dandruff is a common scalp condition unrelated to how often someone washes their hair.,It often stems from factors like yeast overgrowth or skin conditions rather than a lack of cleanliness.,Hair & Scalp,Easy
270,Air-drying hair is always better than blow-drying.,Both methods can be fine depending on technique and hair type.,"Air-drying too long can leave hair vulnerable to swelling and damage, while proper low-heat blow-drying can be gentle.",Hair & Scalp,Moderate
271,Scalp massages alone can significantly regrow lost hair.,Scalp massages may support circulation but aren't a proven standalone regrowth solution.,"While massage can feel relaxing and support scalp health, more substantial hair loss usually needs targeted treatment.",Hair & Scalp,Moderate
272,You should never wash colored hair to preserve the color.,Proper washing with suitable products can help both cleanse and preserve color.,"Using color-safe, gentle shampoos allows regular washing without significantly stripping color faster than necessary.",Hair & Scalp,Moderate
273,Hair loss only affects older adults.,"Hair loss can affect people of various ages, including young adults.","Genetic, hormonal, and stress-related hair loss can begin much earlier than commonly assumed.",Hair & Scalp,Easy
274,Conditioner should always be applied to the scalp for the best results.,"Conditioner is generally best applied to the mid-lengths and ends, not the scalp.",Applying conditioner to the scalp can weigh down roots and contribute to a greasier appearance.,Hair & Scalp,Moderate
275,"Wet hair is stronger than dry hair, so it's safe to brush vigorously when wet.",Wet hair is actually more fragile and prone to breakage than dry hair.,"The hair shaft swells and weakens when wet, making it more susceptible to snapping during vigorous brushing.",Hair & Scalp,Moderate
276,Dandruff shampoo should be used only once and then stopped.,"Dandruff often requires ongoing, consistent use of a suitable shampoo to manage.","Since dandruff-causing factors like yeast overgrowth can persist, occasional or consistent maintenance use is often needed.",Hair & Scalp,Moderate
277,All hair oils prevent hair loss equally.,Different oils have varying levels of evidence supporting hair and scalp benefits.,Some oils primarily provide conditioning benefits rather than directly addressing the causes of hair loss.,Hair & Scalp,Moderate
278,You should tie hair tightly every day to train it into a sleek style.,Consistently tight hairstyles can contribute to tension-related hair loss over time.,Repeated pulling at the roots can lead to a condition called traction alopecia if done frequently over long periods.,Hair & Scalp,Moderate
279,Scalp itchiness always means you need a new shampoo.,"Scalp itchiness can have multiple causes, including product buildup or underlying skin conditions.","Identifying the actual cause, rather than immediately switching products, is often more helpful for resolving itchiness.",Hair & Scalp,Moderate
280,Grey hair grows in thicker or coarser than pigmented hair for genetic reasons alone.,"Changes in hair texture with greying are often linked to structural changes in the follicle, not just genetics.","As pigment-producing cells decline, changes in the hair shaft's structure can affect its texture over time.",Hair & Scalp,Moderate
281,Rinsing hair with cold water makes it shinier permanently.,Cold water rinses may offer a temporary shine effect rather than a permanent change.,"This can smooth the hair cuticle briefly, giving an immediate shine, but it isn't a lasting structural change.",Hair & Scalp,Moderate
282,You should never use conditioner if you have oily hair.,Even oily hair types can benefit from lightweight conditioner on the ends.,Conditioner applied away from the scalp and roots can still help manage dryness and damage in oily hair types.,Hair & Scalp,Moderate
283,Hair growth vitamins work the same for everyone regardless of the cause of hair loss.,The effectiveness of hair growth supplements depends on the underlying cause of hair loss.,"If hair loss is due to a nutrient deficiency, supplements may help, but they're less effective for genetic hair loss.",Hair & Scalp,Moderate
284,Frequent heat styling has no long-term effect on hair health.,Repeated heat styling can gradually weaken and damage the hair shaft.,"High temperatures can break down the protein structure of hair over time, leading to increased brittleness.",Hair & Scalp,Moderate
285,A flaky scalp is always dandruff.,"Flaking can also result from product buildup, dryness, or other skin conditions.","Not all scalp flaking stems from the same cause, so identifying the source helps determine the right approach.",Hair & Scalp,Moderate
286,You should skip conditioner entirely if you wash your hair daily.,"Frequent washing can strip moisture, making conditioner still important.","Regular washing may remove natural oils faster, so conditioner can help maintain moisture balance even with daily washing.",Hair & Scalp,Moderate
287,Home remedies like onion juice are proven scientifically to regrow hair for everyone.,Evidence for home remedies like onion juice regrowing hair is limited and inconsistent.,"While some small studies exist, results vary widely and it isn't considered a reliably proven regrowth treatment.",Hair & Scalp,Moderate
288,Scalp sunburn isn't something to worry about.,"The scalp, especially with thinning hair, can sunburn and needs protection too.",Areas with less hair coverage are just as exposed to UV rays and can benefit from sunscreen or a hat.,Hair & Scalp,Moderate
289,Eczema is caused by poor hygiene.,"Eczema is a chronic skin barrier condition, not a result of uncleanliness.","It involves genetic and immune factors affecting the skin barrier, unrelated to how often someone washes.",Eczema & Sensitive Skin,Easy
290,Sensitive skin only reacts to fragrance in products.,"Sensitive skin can react to many triggers beyond fragrance, including certain preservatives and textures.","Reactions can stem from various ingredients or even environmental factors, not fragrance alone.",Eczema & Sensitive Skin,Moderate
291,Eczema is contagious and can spread to others through contact.,Eczema is not an infectious or contagious condition.,"It results from internal skin barrier and immune factors, not something that can be transmitted to another person.",Eczema & Sensitive Skin,Easy
292,Moisturizing worsens eczema flare-ups.,"Moisturizing is typically a key part of managing eczema, not worsening it.",Regular use of appropriate emollients helps support the compromised skin barrier common in eczema.,Eczema & Sensitive Skin,Moderate
293,People with sensitive skin should avoid moisturizer altogether.,"Sensitive skin generally benefits from gentle, appropriate moisturizers.","A well-formulated, fragrance-free moisturizer can help support and calm a sensitive skin barrier.",Eczema & Sensitive Skin,Easy
294,Eczema always looks the same on every person.,"Eczema can present differently, from dry patches to more inflamed, weepy areas.","Its appearance can vary based on severity, location on the body, and individual skin type.",Eczema & Sensitive Skin,Moderate
295,Hot showers help calm eczema-prone skin.,Hot water can strip natural oils and worsen eczema symptoms.,Lukewarm water is generally gentler and helps avoid further irritating an already compromised skin barrier.,Eczema & Sensitive Skin,Moderate
296,Sensitive skin is just a marketing term with no real basis.,Sensitive skin is a recognized condition involving a more reactive skin barrier.,People with sensitive skin often have a barrier that reacts more easily to certain ingredients or environmental triggers.,Eczema & Sensitive Skin,Moderate
297,Eczema only affects children and goes away by adulthood.,Eczema can persist into or even begin in adulthood for many people.,"While it's common in childhood, some individuals continue to experience eczema flare-ups as adults.",Eczema & Sensitive Skin,Moderate
298,Natural products never trigger sensitive skin reactions.,Natural ingredients can still cause reactions in sensitive skin.,Essential oils and certain plant extracts are common triggers for irritation despite being labeled natural.,Eczema & Sensitive Skin,Moderate
299,Scratching eczema patches helps relieve the itch without consequence.,Scratching can worsen inflammation and increase the risk of skin infection.,This can create a cycle of increased itching and damage to the already compromised skin barrier.,Eczema & Sensitive Skin,Moderate
300,Eczema is purely a skin issue unrelated to the immune system.,Eczema is closely linked to immune system responses.,It's often associated with an overactive immune response that contributes to inflammation and barrier dysfunction.,Eczema & Sensitive Skin,Moderate
301,People with sensitive skin can't wear makeup at all.,Many makeup products are formulated to be gentle enough for sensitive skin.,"Choosing fragrance-free, minimally processed formulas can allow makeup use without significant irritation for many people.",Eczema & Sensitive Skin,Moderate
302,Eczema flare-ups are always triggered by food alone.,"Eczema flare-ups can be triggered by many factors beyond food, including weather and stress.","Environmental factors, fabric irritation, and stress are also common triggers alongside potential food sensitivities.",Eczema & Sensitive Skin,Moderate
303,"Sensitive skin means you should use as few products as possible, indefinitely.","Sensitive skin still benefits from a thoughtfully chosen routine, not necessarily fewer products.","The focus is usually on selecting gentle, well-tolerated products rather than minimizing product use altogether.",Eczema & Sensitive Skin,Moderate
304,Steroid creams for eczema are always harmful with any use.,"Topical steroids, used appropriately and as directed, are a standard and often effective eczema treatment.","When used under guidance for appropriate durations, they can effectively reduce inflammation with manageable risk.",Eczema & Sensitive Skin,Moderate
305,Eczema can be cured completely and permanently.,Eczema is often a chronic condition that is managed rather than permanently cured.,"While flare-ups can be well controlled with proper care, the underlying tendency for eczema often persists over time.",Eczema & Sensitive Skin,Moderate
306,Wool and rough fabrics have no effect on sensitive or eczema-prone skin.,Certain fabrics like wool can irritate and trigger flare-ups in sensitive skin.,Rougher textures can create friction that aggravates already compromised or reactive skin.,Eczema & Sensitive Skin,Moderate
307,Fragrance-free and unscented products mean the same thing.,Unscented products can still contain masking fragrances to cover other ingredient smells.,"Fragrance-free typically means no fragrance ingredients at all, which is usually more reliable for sensitive skin.",Eczema & Sensitive Skin,Moderate
308,Only dry environments cause eczema flare-ups.,Both very dry and very humid environments can trigger eczema flare-ups.,"Extreme humidity with sweating can also irritate sensitive skin, in addition to dry, cold conditions.",Eczema & Sensitive Skin,Moderate
309,Sensitive skin can't tolerate any active ingredients like retinoids.,Sensitive skin can sometimes tolerate gentle formulations or lower concentrations of certain actives.,Gradual introduction and lower strengths can allow some active ingredients to be used with appropriate care.,Eczema & Sensitive Skin,Moderate
310,Eczema patches should be kept uncovered and dry for faster healing.,Keeping eczema-prone skin moisturized generally supports better healing than leaving it dry.,A consistent moisturizing routine helps repair the skin barrier rather than letting the area dry out further.,Eczema & Sensitive Skin,Moderate
311,All sensitive skin reactions happen immediately after product use.,Some sensitive skin reactions can be delayed and appear hours or days later.,Delayed hypersensitivity reactions can make it harder to immediately identify which product caused an issue.,Eczema & Sensitive Skin,Moderate
312,People with eczema should avoid all sun exposure entirely.,"Moderate, protected sun exposure isn't necessarily harmful and some people find it soothing.","While excessive sun can be irritating, some individuals with eczema find mild, protected sun exposure comfortable, though this varies.",Eczema & Sensitive Skin,Moderate
313,Sensitive skin always looks visibly red or irritated.,Sensitive skin can be reactive without always showing constant visible redness.,Some people experience sensitivity as intermittent stinging or discomfort without persistent visible signs.,Eczema & Sensitive Skin,Moderate
314,Petroleum jelly is bad for eczema-prone skin.,Petroleum jelly is often recommended as a gentle option to help seal in moisture for eczema.,Its occlusive properties can help protect the skin barrier and reduce water loss in eczema-prone areas.,Eczema & Sensitive Skin,Moderate
315,Switching to expensive skincare cures eczema.,Price doesn't determine whether a product will help manage eczema.,Formulation suited to a compromised skin barrier matters far more than how expensive a product is.,Eczema & Sensitive Skin,Easy
316,Sensitive skin doesn't need sunscreen because sunscreen always irritates it.,"There are gentle, mineral-based sunscreen options formulated for sensitive skin.",Mineral sunscreens with fewer irritating ingredients can often be tolerated well by sensitive or reactive skin types.,Eczema & Sensitive Skin,Moderate
317,Eczema only appears on the elbows and knees.,"Eczema can appear on various parts of the body, including the face, hands, and neck.","Common areas vary by age and individual, and it isn't limited to just the elbows and knees.",Eczema & Sensitive Skin,Easy
318,Washing your face with just water is enough to remove all dirt and makeup.,Water alone often isn't enough to remove oil-based makeup or sunscreen.,A proper cleanser helps break down oil and product residue that water alone typically can't fully remove.,Skin Hygiene,Easy
319,You should wash your face immediately after every meal.,Washing your face isn't necessary after every meal unless it directly contacts food or grease.,Twice-daily cleansing is generally sufficient for most people rather than washing after each meal.,Skin Hygiene,Easy
320,Using a washcloth is always better than washing with just your hands.,Bare hands can be just as effective and gentler than a washcloth for many skin types.,Rougher textured washcloths can sometimes cause more friction and irritation than clean hands during cleansing.,Skin Hygiene,Moderate
321,Antibacterial soap is necessary for keeping facial skin clean.,Regular gentle cleansers are typically sufficient for daily facial hygiene.,Antibacterial soap can be overly drying for the face and isn't required for typical daily cleansing needs.,Skin Hygiene,Moderate
322,Not washing your face before bed has no real effect on skin.,"Leaving makeup, sunscreen, and pollutants on overnight can affect skin health.",Overnight buildup of oil and debris can contribute to clogged pores and dullness over time.,Skin Hygiene,Easy
323,You should wash your face at least five times a day for cleanliness.,Washing too frequently can strip the skin's natural barrier.,"Most skin types do well with cleansing about twice daily, morning and night.",Skin Hygiene,Easy
324,Hand sanitizer is a good substitute for washing your face.,Hand sanitizer is formulated for hands and not appropriate for facial skin.,Its high alcohol content can be too harsh and drying when used on the more delicate skin of the face.,Skin Hygiene,Moderate
325,Sharing skincare tools like sponges or brushes without cleaning them is harmless.,Sharing unwashed tools can spread bacteria and contribute to breakouts.,Regularly cleaning brushes and sponges helps prevent the buildup and transfer of bacteria to the skin.,Skin Hygiene,Moderate
326,You don't need to wash your hands before applying skincare products.,Clean hands help prevent transferring bacteria and dirt onto the face.,Applying products with unwashed hands can introduce extra bacteria to already vulnerable areas of skin.,Skin Hygiene,Easy
327,Using the same towel for days without washing it is fine for skin health.,Reused towels can harbor bacteria that may contribute to skin issues.,Regularly washing face towels helps reduce the buildup of bacteria and oils that could transfer back to the skin.,Skin Hygiene,Moderate
328,Popping in the shower is safer because steam sterilizes the area.,Steam doesn't sterilize skin or eliminate the risks associated with popping a pimple.,"While warm water may soften skin slightly, it doesn't prevent the trauma and bacterial risk from popping.",Skin Hygiene,Moderate
329,Double cleansing is unnecessary even if you wear heavy makeup or sunscreen.,Double cleansing can help more thoroughly remove heavy makeup or sunscreen.,An oil-based cleanser followed by a water-based one can more effectively dissolve stubborn product buildup.,Skin Hygiene,Moderate
330,You should exfoliate your face with the same scrub used on your body.,Body scrubs are often too abrasive for the more delicate skin of the face.,"Facial skin is generally thinner and more sensitive, so gentler, face-specific exfoliants are usually recommended.",Skin Hygiene,Moderate
331,Makeup wipes alone are sufficient for thoroughly cleansing skin at night.,Makeup wipes often leave residue behind and aren't a complete substitute for cleansing.,"Following up with a proper cleanser helps ensure more complete removal of makeup, oil, and debris.",Skin Hygiene,Moderate
332,It's fine to touch your face throughout the day without washing your hands first.,Frequent face-touching with unwashed hands can transfer bacteria and oil.,"This habit can contribute to clogged pores and irritation, especially for acne-prone skin.",Skin Hygiene,Easy
333,Cleansing brushes should be used every single day for the best results.,Daily use of cleansing brushes can be too abrasive for some skin types.,"Overuse can cause micro-irritation, so many dermatologists suggest limiting use to a few times a week.",Skin Hygiene,Moderate
334,Skin hygiene habits don't need to change based on humidity or sweat levels.,Increased sweat and humidity may call for more attentive but still gentle hygiene practices.,"Higher sweat levels can contribute to clogged pores, so adjusting habits like post-workout cleansing can help.",Skin Hygiene,Moderate
335,Reusing cotton pads for applying skincare products is completely fine.,Reused cotton pads can transfer bacteria and old product residue to the skin.,Using a fresh pad each time helps maintain hygiene and prevents recontaminating the skin with old debris.,Skin Hygiene,Moderate
336,Cleansing your face harder physically removes deeper dirt.,Vigorous scrubbing doesn't clean pores more deeply and can cause irritation.,"Gentle, consistent cleansing motions are typically just as effective without the added risk of irritation.",Skin Hygiene,Easy
337,You never need to clean your phone screen for skin hygiene purposes.,Phone screens can accumulate bacteria and oil that contact the face during calls.,Regularly wiping down a phone screen can help reduce a minor but real source of bacteria transfer.,Skin Hygiene,Moderate
338,Face masks only need to be worn once a month for hygiene benefits.,"Mask frequency depends on the type and purpose, and some benefit from more regular use.","Certain masks, like clay masks for oil control, may be used weekly, while others suit occasional use.",Skin Hygiene,Moderate
339,It's unnecessary to remove sunscreen at the end of the day.,"Sunscreen, especially water-resistant formulas, benefits from thorough removal at night.","Leftover sunscreen can mix with oil and pollutants, so cleansing it off supports healthier skin overnight.",Skin Hygiene,Moderate
340,Using the same makeup brush without washing it for months is fine.,"Unwashed makeup brushes can accumulate bacteria, oil, and old product over time.",Regular brush cleaning helps prevent the buildup of contaminants that could contribute to breakouts or irritation.,Skin Hygiene,Moderate
341,Skin hygiene is only about the face and doesn't include the neck or chest.,The neck and chest are exposed and benefit from being included in a hygiene routine.,"These areas can also accumulate sweat, oil, and product residue like the face.",Skin Hygiene,Easy
342,Drinking more water is the only way to hydrate skin.,Topical moisturizers play a significant role in skin hydration alongside water intake.,"Skin hydration depends heavily on the outermost barrier retaining moisture, which topical products directly support.",Moisturizers & Hydration,Moderate
343,Oily skin doesn't need a moisturizer at all.,"Oily skin still benefits from a lightweight, appropriate moisturizer.",Skipping moisturizer can cause oily skin to overproduce oil to compensate for lost hydration.,Moisturizers & Hydration,Easy
344,Thicker moisturizers always hydrate skin better than lighter ones.,"Hydration effectiveness depends on ingredients, not just the thickness of the product.","Lightweight gels with humectants can be very hydrating, while thick creams mainly focus on sealing in moisture.",Moisturizers & Hydration,Moderate
345,Moisturizer should only be applied when skin feels dry.,"Regular moisturizing, regardless of how skin currently feels, helps maintain a healthy barrier.","Waiting until skin feels dry may mean the barrier is already compromised, so consistent use helps prevent that.",Moisturizers & Hydration,Easy
346,Hydration and moisture are exactly the same thing for skin.,"Hydration refers to water content, while moisture often refers to the oil-based barrier that seals it in.","Skin can be oily but dehydrated, or dry but well-hydrated, since these describe different aspects of skin condition.",Moisturizers & Hydration,Moderate
347,You should apply moisturizer to completely dry skin for the best absorption.,Applying moisturizer to slightly damp skin can help lock in more moisture.,"Many moisturizers work by trapping existing water on the skin, so damp skin can enhance this sealing effect.",Moisturizers & Hydration,Moderate
348,Using more moisturizer than needed always improves hydration levels.,Excess moisturizer beyond what skin can absorb doesn't provide extra benefit.,Applying more than needed can leave a greasy residue without meaningfully increasing hydration.,Moisturizers & Hydration,Moderate
349,Hyaluronic acid alone is enough to fully hydrate skin without a moisturizer.,"Hyaluronic acid works best when sealed in with a moisturizer, especially in dry climates.","Without a sealing product, hyaluronic acid can potentially draw moisture from the skin itself in very dry air.",Moisturizers & Hydration,Moderate
350,Moisturizer isn't necessary if you live in a humid climate.,Even humid climates can have moments of dryness or environmental stress that benefit from moisturizer.,"Air conditioning, wind, or other factors can still affect skin hydration even in generally humid regions.",Moisturizers & Hydration,Moderate
351,Dehydrated skin and dry skin type are the same condition.,"Dehydration is a temporary lack of water, while dry skin type is a longer-term characteristic.","Dry skin type consistently produces less oil, while dehydration can affect any skin type temporarily.",Moisturizers & Hydration,Moderate
352,Face oils and moisturizers serve the exact same purpose.,"Face oils and moisturizers can serve different, complementary functions.","Moisturizers often combine water and oil-based ingredients, while pure facial oils mainly help seal in existing hydration.",Moisturizers & Hydration,Moderate
353,Applying moisturizer prevents your skin from producing its own natural oils.,Moisturizer doesn't stop the skin's natural oil production.,"Sebaceous glands continue functioning based on hormonal and genetic factors, independent of topical moisturizer use.",Moisturizers & Hydration,Moderate
354,"You only need to moisturize your face, not your body.","Body skin also benefits from regular moisturizing, especially drier areas like limbs.",Areas like the arms and legs often have fewer oil glands and can become dry without regular moisturizing.,Moisturizers & Hydration,Easy
355,Moisturizers with SPF eliminate the need for separate sunscreen.,Moisturizers with SPF alone often don't provide sufficient sun protection when used as the sole product.,"People often apply less moisturizer than the amount used to test SPF, resulting in lower actual protection.",Moisturizers & Hydration,Moderate
356,Skipping moisturizer helps oily skin become less oily over time.,"Skipping moisturizer can actually trigger the skin to produce more oil, not less.",Depriving skin of external hydration can prompt an overproduction of natural oil as compensation.,Moisturizers & Hydration,Moderate
357,Night creams and day creams work identically and can be used interchangeably.,Night and day creams are often formulated with different priorities in mind.,"Day creams may include SPF and lighter textures, while night creams often focus on richer repair ingredients.",Moisturizers & Hydration,Moderate
358,Drinking herbal tea replaces the need for topical hydration entirely.,Topical products directly address the skin's outer barrier in ways that drinking tea cannot.,"While hydration from beverages supports overall health, it doesn't replace the skin barrier support that moisturizers provide.",Moisturizers & Hydration,Moderate
359,Applying moisturizer right after a hot shower has no added benefit.,Applying moisturizer after a shower can help lock in the water absorbed by the skin.,"Hot water can actually strip natural oils, making prompt moisturizing afterward especially helpful.",Moisturizers & Hydration,Moderate
360,Sensitive or acne-prone skin should completely avoid moisturizer.,"Sensitive and acne-prone skin still generally benefit from an appropriate, gentle moisturizer.","Choosing a non-comedogenic, fragrance-free formula allows these skin types to stay hydrated without added irritation.",Moisturizers & Hydration,Moderate
361,You should switch moisturizers every few weeks to avoid dependency.,Skin doesn't become dependent on a moisturizer in a way that requires frequent switching.,Consistent use of a well-suited moisturizer is generally more beneficial than frequently changing products.,Moisturizers & Hydration,Moderate
362,Petroleum-based moisturizers suffocate the skin and block it from breathing.,Petroleum-based ingredients don't block oxygen exchange at the cellular level.,"Skin doesn't breathe air in the way lungs do, so an occlusive layer doesn't cause suffocation in a physiological sense.",Moisturizers & Hydration,Moderate
363,Dry skin only needs a moisturizer in winter.,Dry skin can benefit from consistent moisturizing throughout the year.,"Environmental factors like air conditioning in summer can also contribute to dryness, not just cold winter air.",Moisturizers & Hydration,Easy
364,Applying moisturizer under makeup causes it to slide off faster.,"A well-absorbed, appropriate moisturizer generally helps makeup apply and last better.","Proper hydration creates a smoother base, which can actually improve how makeup sits on the skin.",Moisturizers & Hydration,Moderate
365,Ceramides and ingredients like them are unnecessary marketing terms.,Ceramides are naturally occurring lipids that play a real role in supporting the skin barrier.,These lipids help maintain the skin's protective barrier and are commonly included in moisturizers for this reason.,Moisturizers & Hydration,Moderate
366,Wrinkles only appear due to aging and nothing can be done to slow them.,Sun protection and certain skincare ingredients can help slow visible signs of aging.,Consistent sunscreen use and ingredients like retinoids can meaningfully reduce the rate of visible skin aging.,Anti-aging & Wrinkles,Moderate
367,Anti-aging products need to be used only after wrinkles appear.,Many anti-aging ingredients are more effective when introduced preventively.,Starting supportive ingredients like sunscreen and antioxidants earlier can help reduce future visible aging.,Anti-aging & Wrinkles,Moderate
368,Facial expressions are the main cause of all wrinkles.,Sun exposure is actually one of the most significant contributors to visible skin aging.,"While repeated expressions contribute to some lines, cumulative UV damage plays a major role in overall skin aging.",Anti-aging & Wrinkles,Moderate
369,Anti-aging creams can completely erase deep wrinkles.,Topical creams can improve the appearance of fine lines but rarely erase deep wrinkles completely.,"Deeper wrinkles often require more intensive treatments, while creams mainly support skin texture and hydration.",Anti-aging & Wrinkles,Moderate
370,You need to start anti-aging skincare only in your 40s or later.,"Preventive skincare habits, like sunscreen, are often recommended starting much earlier.","Since UV damage accumulates over time, earlier prevention can have a meaningful impact on long-term skin appearance.",Anti-aging & Wrinkles,Moderate
371,Retinol works instantly to reduce wrinkles.,Retinol typically requires weeks to months of consistent use to show visible results.,"Since it works by influencing cell turnover and collagen production, changes appear gradually rather than immediately.",Anti-aging & Wrinkles,Moderate
372,Anti-aging products work the same regardless of how consistently they're used.,"Consistent, regular use is generally necessary for anti-aging ingredients to be effective.","Since these products often work by supporting gradual cellular processes, sporadic use limits their overall benefit.",Anti-aging & Wrinkles,Easy
373,Collagen supplements alone can reverse visible wrinkles.,Collagen supplements may support skin in some ways but don't reliably reverse existing wrinkles.,Topical treatments and sun protection generally have more established evidence for visibly improving skin texture.,Anti-aging & Wrinkles,Moderate
374,Only expensive anti-aging products contain effective ingredients.,Effective anti-aging ingredients can be found in various price ranges.,"What matters most is the concentration and formulation of key ingredients, not the price point of the product.",Anti-aging & Wrinkles,Easy
375,Sleeping on your side or stomach doesn't contribute to wrinkles.,Repeated pressure from certain sleep positions can contribute to sleep lines over time.,Consistently sleeping with the face pressed into a pillow can create creases that may become more persistent with age.,Anti-aging & Wrinkles,Moderate
376,Anti-aging skincare is unnecessary if you have naturally youthful-looking skin.,Preventive care can help maintain skin health and slow future visible changes regardless of current appearance.,"Consistent sun protection and hydration support skin health over time, even for those without current visible aging signs.",Anti-aging & Wrinkles,Moderate
377,Botox and anti-aging skincare products work the same way.,Botox and topical skincare address wrinkles through very different mechanisms.,"Botox relaxes specific muscles temporarily, while topical products generally support skin texture and hydration.",Anti-aging & Wrinkles,Moderate
378,Anti-aging ingredients like retinol are only for older skin.,Retinol can be introduced earlier as a preventive and skin-texture-supporting ingredient.,Many people begin using lower-strength retinol in their late twenties or thirties as part of a broader routine.,Anti-aging & Wrinkles,Moderate
379,Drinking more water alone prevents wrinkles from forming.,Wrinkles are influenced by factors like sun exposure and genetics beyond water intake.,"While hydration supports overall skin health, it doesn't single-handedly prevent the structural changes that lead to wrinkles.",Anti-aging & Wrinkles,Moderate
380,"Once you start using anti-aging products, you can never stop.","Stopping an anti-aging routine doesn't cause sudden, dramatic aging.","Skin may gradually return to how it would have aged without the product, rather than aging rapidly all at once.",Anti-aging & Wrinkles,Moderate
381,Anti-aging creams work equally well no matter the time of day applied.,"Certain anti-aging ingredients, like retinoids, are generally recommended for nighttime use.","Some ingredients can increase sun sensitivity, making evening application often more appropriate and effective.",Anti-aging & Wrinkles,Moderate
382,Fine lines and deep wrinkles require the exact same treatment approach.,Fine lines and deep wrinkles often respond to different types of treatment.,"Fine lines may improve with topical products, while deeper wrinkles sometimes need more targeted professional treatments.",Anti-aging & Wrinkles,Moderate
383,Anti-aging skincare guarantees you'll never develop wrinkles.,No skincare product can completely prevent the natural aging process.,"While good skincare can slow visible signs of aging, it cannot fully halt the body's natural aging over time.",Anti-aging & Wrinkles,Easy
384,Smiling and laughing should be avoided to prevent wrinkles.,Avoiding normal facial expressions isn't a practical or necessary way to prevent wrinkles.,"Expression lines are a natural part of facial movement, and avoiding them entirely isn't a realistic anti-aging strategy.",Anti-aging & Wrinkles,Easy
385,Anti-aging products can shrink pores permanently.,Anti-aging products can improve pore appearance but don't permanently change their physical size.,"Ingredients like retinoids can reduce the visible look of pores by improving skin texture, without altering pore structure.",Anti-aging & Wrinkles,Moderate
386,Vitamin C serums and retinol should always be layered together for best anti-aging results.,Vitamin C and retinol can sometimes be more irritating when layered without proper introduction.,Some people benefit from alternating these ingredients or introducing them gradually to avoid excessive irritation.,Anti-aging & Wrinkles,Moderate
387,"Once wrinkles form, sunscreen is no longer useful for anti-aging.",Sunscreen remains important even after wrinkles appear to prevent further photoaging.,Continuing UV protection helps slow the progression of additional sun-related damage to existing wrinkles.,Anti-aging & Wrinkles,Moderate
388,Anti-aging skincare results are permanent once achieved.,Anti-aging results generally need to be maintained with ongoing skincare habits.,"Since skin continues to age naturally, sustained use of supportive products helps maintain visible improvements over time.",Anti-aging & Wrinkles,Moderate
389,Genetics play no role in how quickly wrinkles appear.,Genetics significantly influence skin aging alongside lifestyle and environmental factors.,"Family history can affect skin thickness, collagen production, and overall aging rate independent of external habits.",Anti-aging & Wrinkles,Moderate
390,Eating fried food always causes oily skin and acne.,"There is no direct, guaranteed link between fried food and skin oiliness for everyone.","Diet can be one of several contributing factors to skin changes, but it isn't a universal single cause.",Diet & Skin,Moderate
391,"Drinking eight glasses of water a day guarantees clear, glowing skin.",Water intake supports overall health but doesn't single-handedly guarantee clear skin.,"Skin clarity depends on multiple factors including genetics, skincare routine, and hormones, not hydration alone.",Diet & Skin,Easy
392,Cutting out all sugar completely will instantly clear acne-prone skin.,"Sugar's effect on skin varies by individual and isn't an instant, universal fix.","While high-glycemic diets may influence acne for some people, eliminating sugar doesn't guarantee immediate clearing for everyone.",Diet & Skin,Moderate
393,Eating more vegetables can visibly transform skin within days.,Dietary changes typically take weeks or longer to potentially reflect in the skin.,"Skin cell turnover happens gradually, so any dietary influence on appearance takes time to become noticeable.",Diet & Skin,Moderate
394,Dairy products cause acne in every single person who consumes them.,The connection between dairy and acne varies between individuals.,"Some studies suggest a possible link for certain people, but it isn't a universal cause of acne for everyone.",Diet & Skin,Moderate
395,Spicy food directly damages the skin barrier.,There's no strong evidence that spicy food directly damages the skin barrier.,"While spicy food might cause temporary flushing in some people, this is different from causing lasting skin barrier damage.",Diet & Skin,Moderate
396,Taking vitamin supplements can replace the need for topical skincare.,Supplements support overall health but don't replace targeted topical skincare.,Topical products address the skin's outer barrier directly in ways that oral supplements typically cannot replicate.,Diet & Skin,Moderate
397,Detox diets or juice cleanses remove toxins that cause skin problems.,There's limited evidence that short-term cleanses meaningfully affect skin through toxin removal.,"The body already has its own detoxification systems, and skin issues usually stem from other factors like genetics or hormones.",Diet & Skin,Moderate
398,Eating more fat in your diet always makes your skin oilier.,Dietary fat doesn't directly and immediately translate to oilier skin.,Skin's oil production is primarily regulated by hormones and genetics rather than a direct one-to-one link with dietary fat.,Diet & Skin,Moderate
399,Skipping meals improves skin clarity by giving skin a 'break'.,Skipping meals doesn't give skin a meaningful break and can affect overall health.,Skin health is more closely tied to consistent nutrition and hydration than to meal skipping.,Diet & Skin,Moderate
400,Collagen-rich foods alone can noticeably firm up skin within a week.,Dietary changes affecting collagen levels typically take much longer than a week to show any visible effect.,Collagen production and skin firmness change gradually over time and depend on many factors beyond diet alone.,Diet & Skin,Moderate
401,Caffeine consumption always dehydrates and dries out the skin.,"Moderate caffeine intake doesn't have a strong, universal dehydrating effect on skin.","While caffeine has a mild diuretic effect, typical consumption levels don't significantly dehydrate skin for most people.",Diet & Skin,Moderate
402,Antioxidant-rich foods work exactly the same as topical antioxidant serums.,Dietary antioxidants and topical antioxidant serums work through different pathways.,"Topical antioxidants act directly on the skin's surface, while dietary antioxidants support the body more broadly.",Diet & Skin,Moderate
403,Eating nuts always causes breakouts due to their oil content.,There's no consistent evidence that nuts directly cause breakouts for most people.,"Reactions to specific foods vary by individual, and nuts aren't a universally proven acne trigger.",Diet & Skin,Moderate
404,A gluten-free diet automatically improves skin for everyone.,Going gluten-free only benefits skin in people with specific gluten-related sensitivities.,"Without an underlying gluten sensitivity or related condition, cutting gluten doesn't reliably change skin appearance.",Diet & Skin,Moderate
405,Omega-3 fatty acids have no connection to skin health.,Omega-3 fatty acids are often associated with supporting skin barrier function.,"These fats are thought to help support hydration and reduce inflammation, contributing to overall skin health.",Diet & Skin,Moderate
406,Drinking alcohol occasionally has no effect on skin appearance.,Alcohol can have a temporary dehydrating and flushing effect on skin.,Even occasional drinking can lead to short-term changes like dullness or puffiness for some people.,Diet & Skin,Moderate
407,Eating more protein directly increases collagen production overnight.,"Increasing collagen production is a gradual biological process, not an overnight change.","While protein provides building blocks for collagen, the body's production process takes time regardless of intake spikes.",Diet & Skin,Moderate
408,Following the exact same diet as someone with 'perfect skin' will give you the same results.,Skin response to diet varies significantly between individuals due to genetics and other factors.,What works well for one person's skin may not have the same effect on someone else's due to differing biology.,Diet & Skin,Moderate
409,Toothpaste is a safe and effective spot treatment for acne.,Toothpaste isn't formulated for skin and can cause irritation.,"Ingredients meant for teeth, like menthol, can dry and irritate skin without addressing the cause of a breakout.",Home Remedies,Easy
410,Baking soda is a safe daily facial exfoliant.,Baking soda's high alkalinity can disrupt the skin's natural pH and barrier.,Regular use can lead to irritation and compromise the skin's protective barrier over time.,Home Remedies,Moderate
411,Lemon juice is a safe way to lighten skin naturally.,Lemon juice can irritate skin and increase sun sensitivity.,"Its acidity may cause irritation, and it can trigger increased photosensitivity, raising the risk of further pigmentation.",Home Remedies,Moderate
412,Sugar scrubs are gentle enough for daily facial use.,Sugar scrubs are often too abrasive for daily use on facial skin.,"The coarse texture can create micro-tears with frequent use, making occasional rather than daily use more appropriate.",Home Remedies,Moderate
413,Applying raw garlic to skin clears acne effectively.,Raw garlic can cause significant skin irritation or even chemical burns.,Its strong compounds can be too harsh for direct skin application and may cause more harm than benefit.,Home Remedies,Moderate
414,Egg whites tighten pores permanently when used as a mask.,Egg white masks may create a temporary tightening sensation but don't permanently change pore size.,"This effect comes from the mask drying and pulling on the skin's surface, not an actual structural change to pores.",Home Remedies,Moderate
415,Coconut oil is a good moisturizer for all skin types.,Coconut oil is considered comedogenic and can clog pores for many skin types.,"Its heavy, occlusive nature may not suit acne-prone or oily skin despite being a popular natural remedy.",Home Remedies,Moderate
416,Applying toothpaste helps fade acne scars.,Toothpaste isn't formulated to treat scarring and may worsen skin irritation.,Ingredients like menthol and baking soda aren't designed for the skin repair process involved in scar fading.,Home Remedies,Moderate
417,Rubbing alcohol is a safe way to disinfect acne-prone skin daily.,Frequent use of rubbing alcohol can be excessively drying and irritating.,"It can strip the skin's natural barrier, potentially leading to increased sensitivity and even more oil production.",Home Remedies,Moderate
418,Turmeric masks are completely safe and effective for treating hyperpigmentation.,Turmeric can be helpful for some but may cause temporary staining and isn't proven as a strong hyperpigmentation treatment.,"While it has some anti-inflammatory properties, it isn't a well-established replacement for evidence-based pigmentation treatments.",Home Remedies,Moderate
419,Ice cubes rubbed on skin shrink pores permanently.,"Ice creates only a brief, temporary tightening effect on the skin's surface.",Pores return to their natural size once the skin returns to its normal temperature.,Home Remedies,Easy
420,Honey masks can replace the need for a moisturizer entirely.,Honey can offer some hydrating benefits but isn't a complete substitute for a formulated moisturizer.,A dedicated moisturizer typically provides a more balanced combination of ingredients to support the skin barrier.,Home Remedies,Moderate
421,Vinegar toners are safe for daily use on all skin types.,Vinegar-based toners can be too acidic and irritating for regular use on many skin types.,"Frequent use can disrupt the skin's natural barrier and pH balance, especially for sensitive skin.",Home Remedies,Moderate
422,Applying milk to the face lightens skin tone significantly.,There's limited evidence that milk applied topically meaningfully lightens skin tone.,"While some mild exfoliating properties exist from lactic acid, dramatic skin lightening isn't reliably supported.",Home Remedies,Moderate
423,Aloe vera can replace sunscreen for sun protection.,Aloe vera doesn't provide UV protection and cannot replace sunscreen.,"While it may soothe skin after sun exposure, it doesn't block UV rays like a proper sunscreen formulation does.",Home Remedies,Moderate
424,Papaya masks bleach and lighten skin permanently.,Papaya may offer mild exfoliation but doesn't permanently bleach or lighten skin.,"Enzymes in papaya can support gentle exfoliation, but this differs greatly from a permanent skin lightening effect.",Home Remedies,Moderate
425,Applying salt directly to a wound or pimple speeds up healing.,Direct salt application can irritate and even damage compromised skin.,Its abrasive and drying properties can slow healing rather than accelerate it.,Home Remedies,Moderate
426,"Oatmeal masks are only useful for dry skin, not acne-prone skin.",Oatmeal can also help soothe inflammation in some acne-prone skin types.,"Its calming properties may benefit various skin types, not exclusively dry skin.",Home Remedies,Moderate
427,Applying ghee or butter helps heal sunburned skin faster.,Heavy oils and butter can trap heat and potentially worsen sunburned skin.,"Cooling, lightweight products are generally more appropriate for soothing sunburned skin than thick, occlusive substances.",Home Remedies,Moderate
428,Cucumber slices permanently reduce under-eye puffiness.,"Cucumber slices may offer a brief cooling effect, not a permanent reduction in puffiness.","The temporary effect comes from coolness constricting blood vessels briefly, not a lasting structural change.",Home Remedies,Moderate
429,Applying toothpaste to sunburned skin cools and heals it faster.,Toothpaste isn't formulated for sunburned skin and can cause further irritation.,Ingredients like menthol may feel cooling briefly but can irritate already sensitive sunburned skin.,Home Remedies,Moderate
430,Using neem paste daily clears all types of acne.,Neem may have some antibacterial properties but isn't a universal cure for all acne types.,"Effectiveness can vary widely, and more severe or hormonal acne often needs additional targeted treatment.",Home Remedies,Moderate
431,Home remedies are always risk-free since they're natural.,"Natural home remedies can still cause irritation, allergic reactions, or photosensitivity.",Being natural doesn't guarantee a substance is safe for all skin types or free from potential adverse reactions.,Home Remedies,Moderate
432,Multani mitti (fuller's earth) can be used daily without any drawbacks.,Frequent use of clay-based masks like multani mitti can be overly drying for some skin types.,"Excessive use may strip natural oils, making it more suitable for occasional rather than daily application.",Home Remedies,Moderate
433,Wearing makeup every day always damages the skin.,Properly applied and removed makeup doesn't inherently damage skin.,"The main factors affecting skin health are the formula's suitability and thorough removal, not simply wearing makeup.",Cosmetics & Makeup,Easy
434,Expensive makeup brands are always better for skin than affordable ones.,Price doesn't determine whether a makeup product suits or benefits the skin.,Ingredient quality and formulation matter more for skin compatibility than the cost of a product.,Cosmetics & Makeup,Easy
435,Makeup expiration dates don't matter as long as it still looks fine.,Expired makeup can harbor bacteria and cause irritation even if it appears unchanged.,"Preservatives break down over time, which can allow bacterial growth that isn't always visible to the eye.",Cosmetics & Makeup,Moderate
436,Full coverage foundation always clogs pores and causes acne.,Modern full coverage formulas can be made non-comedogenic and suitable for acne-prone skin.,Formulation matters more than coverage level; many full coverage products are designed to avoid clogging pores.,Cosmetics & Makeup,Moderate
437,You should sleep in your makeup occasionally without any consequences.,Leaving makeup on overnight can contribute to clogged pores and irritation.,"Overnight buildup of makeup, oil, and pollutants can affect skin health if it becomes a regular habit.",Cosmetics & Makeup,Easy
438,Setting spray replaces the need to remove makeup at the end of the day.,Setting spray simply helps makeup last longer and doesn't replace proper removal.,"Regardless of setting products used, thorough cleansing at day's end is still recommended to remove residue.",Cosmetics & Makeup,Moderate
439,Waterproof mascara can be removed with just water and a wipe.,Waterproof formulas typically need an oil-based remover for proper removal.,Their water-resistant design means plain water often isn't enough to fully break down and remove the product.,Cosmetics & Makeup,Moderate
440,Makeup brushes never need to be cleaned if you only use them on yourself.,"Even personal-use brushes accumulate bacteria, oil, and old product over time.",Regular cleaning helps prevent the transfer of built-up bacteria back onto the skin with each use.,Cosmetics & Makeup,Moderate
441,All makeup products labeled 'natural' are automatically non-irritating.,Natural-labeled makeup can still contain ingredients that irritate sensitive skin.,The natural label doesn't guarantee hypoallergenic or non-comedogenic properties for every skin type.,Cosmetics & Makeup,Moderate
442,Concealer alone can permanently cover and treat dark circles.,Concealer only provides temporary visual coverage and doesn't treat the underlying cause.,"Since dark circles often stem from genetics or blood vessel visibility, concealer masks rather than resolves the issue.",Cosmetics & Makeup,Moderate
443,Powder makeup dries out oily skin over time.,Powder makeup itself doesn't inherently dry out skin.,Its main function is absorbing surface oil temporarily rather than affecting the skin's underlying moisture levels.,Cosmetics & Makeup,Moderate
444,You should always match foundation shade using the back of your hand.,Testing foundation on the jawline is generally more accurate than the hand.,"The hand often has a different skin tone than the face, making the jawline a more reliable testing area.",Cosmetics & Makeup,Moderate
445,Makeup with SPF can be layered instead of reapplying sunscreen.,Makeup with SPF alone is typically insufficient for maintaining sun protection throughout the day.,Most people don't apply or reapply enough makeup to sustain the labeled SPF level over several hours.,Cosmetics & Makeup,Moderate
446,Using the same makeup sponge without washing it for weeks is fine.,Unwashed sponges can build up bacteria that may contribute to breakouts.,Regularly cleaning sponges helps reduce the accumulation of bacteria and old product residue.,Cosmetics & Makeup,Moderate
447,Testing new makeup only on the back of your hand rules out any facial reaction.,Facial skin can react differently than skin on the hand.,A patch test on the inner arm or jawline is generally more reflective of how facial skin might respond.,Cosmetics & Makeup,Moderate
448,Setting powder prevents the need to blot oily skin throughout the day.,Oily skin may still need blotting throughout the day even with setting powder applied.,"Setting powder can help initially, but ongoing oil production may still require touch-ups later in the day.",Cosmetics & Makeup,Moderate
449,Lip products don't need sun protection since lips can't burn.,Lips can burn and are often an overlooked area for sun protection.,"The skin on the lips is thin and vulnerable to UV damage, making lip products with SPF a helpful addition.",Cosmetics & Makeup,Moderate
450,Contouring products work the same on every face shape without adjustment.,Contouring techniques often need to be adjusted based on individual face shape.,"What enhances one face shape may look different on another, so techniques are typically personalized.",Cosmetics & Makeup,Moderate
451,Primer eliminates the need for a proper skincare routine underneath.,"Primer works best as a complement to skincare, not a replacement for it.","A well-hydrated, cared-for skin base generally allows primer and makeup to apply more smoothly.",Cosmetics & Makeup,Easy
452,Hot showers are best for cleaning skin thoroughly.,Hot water can strip natural oils and irritate the skin.,Lukewarm water is generally gentler and helps preserve the skin's natural moisture barrier during bathing.,Bathing & Cleansing,Easy
453,Long showers are always better for skin than short ones.,"Extended time in water, especially hot water, can dry out the skin.","Shorter, lukewarm showers tend to be gentler on the skin's natural barrier than prolonged bathing.",Bathing & Cleansing,Moderate
454,Body soap and face cleanser can always be used interchangeably.,"Facial skin is often more delicate and may need a different, gentler formula than body soap.",Body soap can sometimes be too harsh or drying for the more sensitive skin of the face.,Bathing & Cleansing,Moderate
455,Loofahs and body scrubs should be used daily for smooth skin.,Daily use of loofahs can be too abrasive for many skin types.,"Frequent scrubbing can cause micro-irritation, making a few times a week generally more suitable for most skin.",Bathing & Cleansing,Moderate
456,Bathing in extremely hot water helps open pores permanently.,Pores don't have a mechanism to open or close permanently regardless of water temperature.,Any change in pore appearance from heat is temporary and reverses once the skin cools.,Bathing & Cleansing,Moderate
457,You should moisturize only if your skin feels dry after bathing.,"Moisturizing right after bathing, regardless of how skin feels, helps lock in water.",Applying moisturizer while skin is still slightly damp can help seal in the hydration gained from bathing.,Bathing & Cleansing,Easy
458,Bar soap is always worse for skin than liquid body wash.,Some bar soaps are formulated to be just as gentle as liquid body washes.,"What matters most is the specific formulation and pH balance, not simply whether it's a bar or liquid.",Bathing & Cleansing,Moderate
459,Taking a bath every day is necessary for healthy skin regardless of climate or activity.,"Bathing frequency can reasonably vary based on climate, activity level, and skin type.","Some people may not need to fully bathe daily to maintain healthy skin, depending on their circumstances.",Bathing & Cleansing,Moderate
460,Using extremely hot water in the shower helps eliminate acne-causing bacteria.,Hot water doesn't meaningfully reduce the bacteria associated with acne.,"Water temperature has limited effect on the bacteria involved in acne, which live within the pore itself.",Bathing & Cleansing,Moderate
461,Antibacterial body wash is necessary for everyone to prevent skin issues.,Standard gentle body wash is generally sufficient for most people's skin needs.,Antibacterial washes aren't necessary for typical skin health and can sometimes be more drying than needed.,Bathing & Cleansing,Moderate
462,Rinsing off soap quickly saves time without any downside.,Leaving soap residue on skin can contribute to irritation or dryness.,Thoroughly rinsing helps ensure cleansing products don't linger and disrupt the skin's natural barrier.,Bathing & Cleansing,Moderate
463,Cold showers are bad for skin and should always be avoided.,Cold showers aren't inherently bad and can be a personal preference without harming skin.,"Water temperature preference varies, and cooler water is generally gentler than very hot water for skin health.",Bathing & Cleansing,Moderate
464,Exfoliating in the shower every day gives smoother skin faster.,"Daily exfoliation, especially in the shower, can often be excessive and irritating.",Most skin types benefit from exfoliating just a few times a week rather than with every shower.,Bathing & Cleansing,Moderate
465,Bathing removes the need for a separate facial cleansing routine.,Facial skin often benefits from a dedicated cleanser rather than relying solely on body bathing habits.,The face is frequently exposed to different factors like makeup and sunscreen that a general body wash may not address.,Bathing & Cleansing,Moderate
466,A dermatologist visit is only necessary when something is seriously wrong.,Routine dermatology visits can help catch and prevent issues early.,Regular skin checks can identify early signs of concerns like unusual moles or skin cancer before they progress.,Dermatology / General Skin Health,Moderate
467,Skin conditions like psoriasis are contagious.,Psoriasis is an autoimmune condition and cannot spread through contact.,"It results from the immune system triggering rapid skin cell turnover, unrelated to any transmissible agent.",Dermatology / General Skin Health,Easy
468,Only people with visible skin problems need to see a dermatologist.,Preventive dermatology visits can benefit people without visible issues too.,Routine skin checks can catch early changes that aren't yet visibly obvious to the person themselves.,Dermatology / General Skin Health,Moderate
469,All rashes can be treated the same way with a general cream.,Different rashes have different underlying causes and often need distinct approaches.,"Conditions like allergic reactions, eczema, or fungal infections each require different types of treatment.",Dermatology / General Skin Health,Moderate
470,"Skin conditions always have a purely cosmetic impact, not a health one.","Some skin conditions can reflect or affect broader health, not just appearance.",Certain skin changes can sometimes signal underlying health conditions that benefit from medical attention.,Dermatology / General Skin Health,Moderate
471,Moles never need to be checked once they've been present for years.,Even long-standing moles can change and should be periodically monitored.,"Any new changes in a mole's size, shape, or color over time are worth having evaluated by a professional.",Dermatology / General Skin Health,Moderate
472,Skin allergies always show symptoms immediately after exposure.,Some skin allergies can have delayed reactions appearing hours or days later.,"Certain types of hypersensitivity reactions don't show up right away, which can make identifying triggers harder.",Dermatology / General Skin Health,Moderate
473,Only older adults need to worry about skin cancer risk.,"Skin cancer can affect younger individuals as well, especially with significant UV exposure.",Cumulative sun exposure from a young age contributes to risk that isn't limited strictly to older adulthood.,Dermatology / General Skin Health,Moderate
474,Psoriasis and eczema are the same skin condition.,Psoriasis and eczema are distinct conditions with different underlying causes.,"Psoriasis is autoimmune-driven with rapid cell turnover, while eczema is more related to skin barrier dysfunction.",Dermatology / General Skin Health,Moderate
475,A dermatologist can diagnose any skin issue just from a photo without further evaluation.,In-person or thorough evaluation is often necessary for an accurate diagnosis.,"While photos can help with initial assessment, a hands-on or detailed evaluation often provides more reliable information.",Dermatology / General Skin Health,Moderate
476,Skin tags are a sign of a serious underlying illness.,Skin tags are usually harmless and not typically linked to serious illness.,"They commonly develop due to friction or genetics and are generally considered a benign, common skin growth.",Dermatology / General Skin Health,Moderate
477,All skin infections are caused by bacteria.,"Skin infections can also be caused by fungi or viruses, not just bacteria.","Conditions like ringworm are fungal, while others like cold sores are viral, each needing different treatment approaches.",Dermatology / General Skin Health,Moderate
478,Vitiligo is contagious and can be caught from someone who has it.,Vitiligo is an autoimmune condition and is not contagious.,"It results from the body's immune system affecting pigment-producing cells, unrelated to any transmissible cause.",Dermatology / General Skin Health,Easy
479,Skin conditions always improve on their own without any treatment.,Many skin conditions benefit from appropriate treatment rather than being left untreated.,Some conditions can worsen or become more difficult to manage if left unaddressed for a long period.,Dermatology / General Skin Health,Moderate
480,"Keratosis pilaris, the small bumps on arms, can be completely cured.",Keratosis pilaris is often a manageable but persistent condition rather than one with a permanent cure.,"Consistent gentle exfoliation and moisturizing can improve its appearance, though it often requires ongoing maintenance.",Dermatology / General Skin Health,Moderate
481,Rosacea is caused by poor hygiene.,Rosacea is a chronic inflammatory condition unrelated to hygiene habits.,"It's often linked to blood vessel and immune factors, with triggers like heat or certain foods, not cleanliness.",Dermatology / General Skin Health,Moderate
482,Warts always go away completely on their own without any treatment.,"While some warts resolve on their own, many benefit from treatment to clear faster.","Since warts are caused by a virus, they can sometimes persist or spread without appropriate treatment.",Dermatology / General Skin Health,Moderate
483,Skin cancer only appears on areas frequently exposed to the sun.,Skin cancer can occasionally develop in areas with less frequent sun exposure.,"While sun-exposed areas carry higher risk, skin cancer can technically occur on any part of the body.",Dermatology / General Skin Health,Moderate
484,Cold sores and canker sores are the same condition.,Cold sores and canker sores have different causes and characteristics.,"Cold sores are caused by a virus and appear outside the mouth, while canker sores form inside the mouth and aren't viral.",Dermatology / General Skin Health,Moderate
485,"Skin conditions like hives always have an obvious, identifiable trigger.","The exact trigger for hives isn't always identifiable, even with careful tracking.","Sometimes hives occur without a clear cause, which can make managing them more challenging.",Dermatology / General Skin Health,Moderate
486,Fungal skin infections only happen in unhygienic conditions.,"Fungal infections can occur even with good hygiene, especially in warm, moist environments.","Factors like sweat, humidity, and skin folds can create conditions for fungal growth regardless of overall cleanliness.",Dermatology / General Skin Health,Moderate
487,A dermatologist appointment is only needed once a serious symptom appears.,"Routine preventive visits, even without symptoms, can be valuable for skin health.",Early detection of subtle changes can sometimes lead to easier and more effective management overall.,Dermatology / General Skin Health,Moderate
488,Skin conditions in one family member always mean other family members will get it too.,Not everyone in a family will necessarily develop the same skin condition even with genetic links.,"Genetics can increase risk, but environmental factors and individual variation also play significant roles.",Dermatology / General Skin Health,Moderate
489,"All red, itchy skin patches are automatically an allergic reaction.","Red, itchy patches can have various causes beyond just allergies.","Conditions like eczema, psoriasis, or fungal infections can also present with similar redness and itchiness.",Dermatology / General Skin Health,Moderate
490,Skin biopsies are always painful and require significant recovery time.,Most skin biopsies are minor procedures with relatively quick recovery.,"These are typically done with local anesthesia and involve a small area, often healing within days to weeks.",Dermatology / General Skin Health,Moderate
491,"Once diagnosed with a chronic skin condition, lifestyle changes make no difference.",Lifestyle adjustments can often help manage symptoms of chronic skin conditions.,"Factors like stress management, diet awareness, and gentle skincare can support overall symptom control for many conditions.",Dermatology / General Skin Health,Moderate
492,Skin conditions are purely a dermatology issue and never connect to internal health.,Skin can sometimes reflect underlying internal health changes.,"Certain skin changes are occasionally linked to broader health conditions, making skin health part of overall wellness.",Dermatology / General Skin Health,Moderate
493,Over-the-counter treatments work as well as prescription treatments for every skin condition.,Some skin conditions require prescription-strength treatment for effective management.,More significant or persistent conditions often need targeted prescription options beyond what's available over the counter.,Dermatology / General Skin Health,Moderate
494,Skin redness always indicates an infection.,"Redness can result from many causes beyond infection, including irritation or inflammation.","Conditions like rosacea, allergic reactions, or simple irritation can all cause redness without an infection being present.",Dermatology / General Skin Health,Moderate
495,A mole that hasn't changed in years can never become a concern.,Even stable moles are worth periodic monitoring as part of general skin health.,"Regular observation helps catch any future changes early, even if a mole has seemed stable for a long time.",Dermatology / General Skin Health,Moderate
496,General skin health has nothing to do with sleep quality.,Sleep quality can influence overall skin health and appearance.,"Adequate sleep supports the body's natural repair processes, which can be reflected in skin condition over time.",Dermatology / General Skin Health,Moderate
497,Skin sensitivity to certain ingredients means an allergy to that ingredient forever.,Skin sensitivity can sometimes change over time and isn't always a lifelong allergy.,Reactions can be influenced by current skin barrier health and may not always indicate a permanent allergic response.,Dermatology / General Skin Health,Moderate
498,A dermatologist's advice is interchangeable with general skincare influencer advice.,Dermatologists provide medically grounded guidance based on clinical training and evaluation.,"While influencers can share helpful general tips, a dermatologist's guidance is based on medical assessment of individual skin.",Dermatology / General Skin Health,Moderate
499,Sensitive skin conditions like rosacea only affect fair skin tones.,"Rosacea can affect people with various skin tones, though it may be less commonly recognized in darker skin.",Diagnosis can sometimes be more challenging in darker skin tones because redness may present differently.,Dermatology / General Skin Health,Moderate
500,Skin health is entirely determined by genetics with no room for improvement.,Lifestyle and skincare habits can meaningfully influence skin health alongside genetic factors.,"While genetics set a baseline, factors like sun protection and hydration can still support better skin outcomes.",Dermatology / General Skin Health,Easy
